Current Weight,Name,G0,G1,G2,G3,G4,G5,G6,G7,G8,G11,PeerGroup,OptimiserCategory,Type
2.9738,iShares Core Composite Bond ETF,Defensive,Long Duration,Australian Fixed Interest,Australian Fixed Interest,ETF Index,,,Core Australian Bonds,,Long Duration,Australian Bonds,Australian Fixed Interest,ETF
1.9107,iShares Core Cash ETF,Defensive,Cash,Cash,Cash,ETF Index,Cash,Cash,Bank Bills,,Cash,Domestic Cash,Cash,ETF
1.2678,Bank Account,Defensive,Cash,Cash,Cash,ASXStock,Cash,Cash,Bank Account,Cash,Cash,Domestic Cash,Cash,Cash
4.4324,Vanguard Australia Property Securities ETF,Growth,Real Assets,Listed Property,,ETF Index,,,Australia Real Estate Equity,,Real Assets,Australia Real Estate Equity,AREITs,ETF
4.8828,Vanguard International Fixed Income ETF,Defensive,Long Duration,International Fixed Interest,,ETF Index,,,Global Bonds ,,Long Duration,Global Bonds ,International Fixed Interest,ETF
1.0438,VanEyk Morningstar Wide MOAT ETF,Growth,International Shares,Global Shares,Global Shares,ETF Index,,,World Other Equity,,International Shares,World Other Equity,International Equities - Unhedged,ETF
2.5369,Betashares Global Robotic and AI ETF,Growth,Alternatives,Alternatives,,ETF Index,,,World AI,,Alternatives,World Large Blend Equity,International Equities - Unhedged,ETF
3.8366,iShares Global Healthcare ETF,Growth,International Shares,Global Shares,Global Shares,ETF Index,,,World Other Equity,,International Shares,Alternatives - Defensive Liquid,Alternatives - Defensive,MF
3.1224,iShares Physical Gold ETF,Growth,Alternatives,Alternatives,Alternatives (Growth),ETF Index,Gold,USD,Alternatives (Growth),,Alternatives,Alternatives - Growth Liquid,Alternatives - Growth Liquid,ETF
3.4,VanEck MSCI International Small Companies Quality ETF,Growth,International Shares,Global Shares,,Passive,,,World Mid Small Equity,,International Shares,World Large Blend Equity,International Equities - Unhedged,MF
3.6573,Vanguard All World ex US Shares Index ETF,Growth,International Shares,Global Shares,Global Shares,Passive,,,World Other Equity,,International Shares,World Other Equity,International Equities - Unhedged,ETF
2.2155,BetaShares IRate Hedged Aust IG Bond ETF,Defensive,Floating Rate,Australian Fixed Interest,,Passive,,,Australian IG Credit,,Floating Rate,Diversified Credit,Floating High Yield Credit,ETF
2.4947,Betashares Global Healthcare,Growth,International Shares,Global Shares,Global Shares,ETF Index,,,World Other Equity,,International Shares,Alternatives - Defensive Liquid,Alternatives - Defensive,MF
1.6592,Australian Small Companies Select Fund,Growth,Australian Shares,Australian Shares,,ETF,,,Australia Mid Small Blend Equity,,Australian Shares,Australia Mid Small Blend Equity,Australian Equities - Small Cap,ETF
2.1764,VanEck Global Listed Private Credit,Defensive,Floating Rate,Global Fixed Interest,,ETF,,,Private Credit,,Floating Rate,Diversified Credit,International Fixed Interest,ETF
5.6349,VanEck International Property ETF,Growth,Real Assets,Global REITs,,ETF,,,GREITs,,Real Assets,Global Real Estate,GREITs,ETF
3.9663,Global X S&P Biotech ETF,Growth,International Shares,Global Shares,Global Shares,ETF Index,,,GlobX US Biotech,,International Shares,Alternatives - Defensive Liquid,Alternatives - Defensive,MF
2.2246,iShares Broad USD High Yield Corporate Bond,Defensive,Floating Rate,Global Fixed Interest,,ETF,,,HY Credit,,Floating Rate,Diversified Credit,Floating High Yield Credit,ETF
5.1046,Daintree Core Income Active ETF,Defensive,Floating Rate,Australian Fixed Interest,Australian Fixed Interest,Active Manager,,,Floating Rate Credit,,Floating Rate,Global Bonds ,International Fixed Interest,ETF
0.1594948619910762,iShares Core Cash ETF,Defensive,Cash,Cash,Cash,ETF Index,Cash,Cash,Bank Bills,,Cash,Domestic Cash,Cash,ETF
0.16959474120584617,Bank Account,Defensive,Cash,Cash,Cash,ASXStock,Cash,Cash,Bank Account,Cash,Cash,Domestic Cash,Cash,Cash
0.03502380945573228,Life360 Inc.,Growth,Australian Shares,Australian Shares,Australian Shares,Information Technology - 45,ASX,AUD,Australia,,Software - 451030,Australia Large Blend Equity,Australian Equities,ASXStock
0.06562570256636964,The A2 Milk Company Limited,Growth,Australian Shares,Australian Shares,Australian Shares,Consumer Staples - 30,ASX,AUD,Australia,,Food Products - 302020,Australia Large Blend Equity,Australian Equities,ASXStock
0.0055273518939294225,Abacus Group,Growth,Australian Shares,Australian Shares,Australian Shares,Real Estate - 60,ASX,AUD,Australia,,Office REITs - 601040,Australia Large Blend Equity,Australian Equities,ASXStock
0.06635617125357503,AGL Energy Limited.,Growth,Australian Shares,Australian Shares,Australian Shares,Utilities - 55,ASX,AUD,Australia,,Multi-Utilities - 551030,Australia Large Blend Equity,Australian Equities,ASXStock
0.017854348481520944,Auckland International Airport Limited,Growth,Australian Shares,Australian Shares,Australian Shares,Industrials - 20,ASX,AUD,Australia,,Transportation Infrastructure - 203050,Australia Large Blend Equity,Australian Equities,ASXStock
0.10282446590665473,Ampol Limited,Growth,Australian Shares,Australian Shares,Australian Shares,Energy - 10,ASX,AUD,Australia,,"Oil, Gas & Consumable Fuels - 101020",Australia Large Blend Equity,Australian Equities,ASXStock
0.262379975604047,Aristocrat Leisure Limited,Growth,Australian Shares,Australian Shares,Australian Shares,Consumer Discretionary - 25,ASX,AUD,Australia,,"Hotels, Restaurants & Leisure - 253010",Australia Large Blend Equity,Australian Equities,ASXStock
0.09219030935047501,ALS Limited,Growth,Australian Shares,Australian Shares,Australian Shares,Industrials - 20,ASX,AUD,Australia,,Professional Services - 202020,Australia Large Blend Equity,Australian Equities,ASXStock
0.06834104126007381,Altium Limited,Growth,Australian Shares,Australian Shares,Australian Shares,Information Technology - 45,ASX,AUD,Australia,,Software - 451030,Australia Large Blend Equity,Australian Equities,ASXStock
0.09701766245121878,Atlas Arteria,Growth,Australian Shares,Australian Shares,Australian Shares,Industrials - 20,ASX,AUD,Australia,,Transportation Infrastructure - 203050,Australia Large Blend Equity,Australian Equities,ASXStock
0.09492438580677155,Amcor PLC,Growth,Australian Shares,Australian Shares,Australian Shares,Materials - 15,ASX,AUD,Australia,,Containers & Packaging - 151030,Australia Large Blend Equity,Australian Equities,ASXStock
0.04627764190486994,AMP Limited,Growth,Australian Shares,Australian Shares,Australian Shares,Financials - 40,ASX,AUD,Australia,,Financial Services - 402010,Australia Large Blend Equity,Australian Equities,ASXStock
0.038726601916244545,Ansell Limited,Growth,Australian Shares,Australian Shares,Australian Shares,Health Care - 35,ASX,AUD,Australia,,Health Care Equipment & Supplies - 351010,Australia Large Blend Equity,Australian Equities,ASXStock
1.0754235931350178,ANZ Group Holdings Limited,Growth,Australian Shares,Australian Shares,Australian Shares,Financials - 40,ASX,AUD,Australia,,Banks - 401010,Australia Large Blend Equity,Australian Equities,ASXStock
0.16138421653251578,APA Group,Growth,Australian Shares,Australian Shares,Australian Shares,Utilities - 55,ASX,AUD,Australia,,Gas Utilities - 551020,Australia Large Blend Equity,Australian Equities,ASXStock
0.06873523264519162,Eagers Automotive Limited,Growth,Australian Shares,Australian Shares,Australian Shares,Consumer Discretionary - 25,ASX,AUD,Australia,,Specialty Retail - 255040,Australia Large Blend Equity,Australian Equities,ASXStock
0.025543426747013397,ARB Corporation Limited,Growth,Australian Shares,Australian Shares,Australian Shares,Consumer Discretionary - 25,ASX,AUD,Australia,,Automobile Components - 251010,Australia Large Blend Equity,Australian Equities,ASXStock
0.013990536728271415,Arena REIT.,Growth,Australian Shares,Australian Shares,Australian Shares,Real Estate - 60,ASX,AUD,Australia,,Specialized REITs - 601080,Australia Large Blend Equity,Australian Equities,ASXStock
0.00644091094544191,Abacus Storage King,Growth,Australian Shares,Australian Shares,Australian Shares,Real Estate - 60,ASX,AUD,Australia,,Specialized REITs - 601080,Australia Large Blend Equity,Australian Equities,ASXStock
0.11744868544481323,ASX Limited,Growth,Australian Shares,Australian Shares,Australian Shares,Financials - 40,ASX,AUD,Australia,,Capital Markets - 402030,Australia Large Blend Equity,Australian Equities,ASXStock
0.03893428264469194,AUB Group Limited,Growth,Australian Shares,Australian Shares,Australian Shares,Financials - 40,ASX,AUD,Australia,,Insurance - 403010,Australia Large Blend Equity,Australian Equities,ASXStock
0.02928901768288881,Alumina Limited,Growth,Australian Shares,Australian Shares,Australian Shares,Materials - 15,ASX,AUD,Australia,,Metals & Mining - 151040,Australia Large Blend Equity,Australian Equities,ASXStock
0.09030823325905811,Aurizon Holdings Limited,Growth,Australian Shares,Australian Shares,Australian Shares,Industrials - 20,ASX,AUD,Australia,,Ground Transportation - 203040,Australia Large Blend Equity,Australian Equities,ASXStock
0.013624621003346746,Bapcor Limited,Growth,Australian Shares,Australian Shares,Australian Shares,Consumer Discretionary - 25,ASX,AUD,Australia,,Distributors - 255010,Australia Large Blend Equity,Australian Equities,ASXStock
0.05033937446149568,Bendigo and Adelaide Bank Limited,Growth,Australian Shares,Australian Shares,Australian Shares,Financials - 40,ASX,AUD,Australia,,Banks - 401010,Australia Large Blend Equity,Australian Equities,ASXStock
0.010376474626506009,Bega Cheese Limited,Growth,Australian Shares,Australian Shares,Australian Shares,Consumer Staples - 30,ASX,AUD,Australia,,Food Products - 302020,Australia Large Blend Equity,Australian Equities,ASXStock
0.02299730629381992,Bellevue Gold Limited,Growth,Australian Shares,Australian Shares,Australian Shares,Materials - 15,ASX,AUD,Australia,,Metals & Mining - 151040,Australia Large Blend Equity,Australian Equities,ASXStock
2.7800701129962087,BHP Group Limited,Growth,Australian Shares,Australian Shares,Australian Shares,Materials - 15,ASX,AUD,Australia,,Metals & Mining - 151040,Australia Large Blend Equity,Australian Equities,ASXStock
0.03542456111437875,Brickworks Limited,Growth,Australian Shares,Australian Shares,Australian Shares,Materials - 15,ASX,AUD,Australia,,Construction Materials - 151020,Australia Large Blend Equity,Australian Equities,ASXStock
0.019526011788592534,Boral Limited,Growth,Australian Shares,Australian Shares,Australian Shares,Materials - 15,ASX,AUD,Australia,,Construction Materials - 151020,Australia Large Blend Equity,Australian Equities,ASXStock
0.044515823765193835,Bank of Queensland Limited,Growth,Australian Shares,Australian Shares,Australian Shares,Financials - 40,ASX,AUD,Australia,,Banks - 401010,Australia Large Blend Equity,Australian Equities,ASXStock
0.02435451864231534,Beach Energy Limited,Growth,Australian Shares,Australian Shares,Australian Shares,Energy - 10,ASX,AUD,Australia,,"Oil, Gas & Consumable Fuels - 101020",Australia Large Blend Equity,Australian Equities,ASXStock
0.025921580555943166,Breville Group Limited,Growth,Australian Shares,Australian Shares,Australian Shares,Consumer Discretionary - 25,ASX,AUD,Australia,,Household Durables - 252010,Australia Large Blend Equity,Australian Equities,ASXStock
0.002253002236210871,Brainchip Holdings Ltd,Growth,Australian Shares,Australian Shares,Australian Shares,Information Technology - 45,ASX,AUD,Australia,,Software - 451030,Australia Large Blend Equity,Australian Equities,ASXStock
0.14632229068369995,BlueScope Steel Limited,Growth,Australian Shares,Australian Shares,Australian Shares,Materials - 15,ASX,AUD,Australia,,Metals & Mining - 151040,Australia Large Blend Equity,Australian Equities,ASXStock
0.02175701517656314,BWP Trust,Growth,Australian Shares,Australian Shares,Australian Shares,Real Estate - 60,ASX,AUD,Australia,,Retail REITs - 601070,Australia Large Blend Equity,Australian Equities,ASXStock
0.2885951909778388,Brambles Limited,Growth,Australian Shares,Australian Shares,Australian Shares,Industrials - 20,ASX,AUD,Australia,,Commercial Services & Supplies - 202010,Australia Large Blend Equity,Australian Equities,ASXStock
0.11802098067884198,CAR Group Limited,Growth,Australian Shares,Australian Shares,Australian Shares,Communication Services - 50,ASX,AUD,Australia,,Interactive Media & Services - 502030,Australia Large Blend Equity,Australian Equities,ASXStock
1.9828974643943578,Commonwealth Bank of Australia,Growth,Australian Shares,Australian Shares,Australian Shares,Financials - 40,ASX,AUD,Australia,,Banks - 401010,Australia Large Blend Equity,Australian Equities,ASXStock
0.01330791806509791,Credit Corp Group Limited,Growth,Australian Shares,Australian Shares,Australian Shares,Financials - 40,ASX,AUD,Australia,,Consumer Finance - 402020,Australia Large Blend Equity,Australian Equities,ASXStock
0.07161929471621047,Challenger Limited,Growth,Australian Shares,Australian Shares,Australian Shares,Financials - 40,ASX,AUD,Australia,,Financial Services - 402010,Australia Large Blend Equity,Australian Equities,ASXStock
0.09848736730329959,Charter Hall Group,Growth,Australian Shares,Australian Shares,Australian Shares,Real Estate - 60,ASX,AUD,Australia,,Diversified REITs - 601010,Australia Large Blend Equity,Australian Equities,ASXStock
0.03180708195951857,Chalice Mining Limited,Growth,Australian Shares,Australian Shares,Australian Shares,Materials - 15,ASX,AUD,Australia,,Metals & Mining - 151040,Australia Large Blend Equity,Australian Equities,ASXStock
0.028370185989917585,Champion Iron Limited,Growth,Australian Shares,Australian Shares,Australian Shares,Materials - 15,ASX,AUD,Australia,,Metals & Mining - 151040,Australia Large Blend Equity,Australian Equities,ASXStock
0.02469245320946209,Centuria Industrial REIT,Growth,Australian Shares,Australian Shares,Australian Shares,Real Estate - 60,ASX,AUD,Australia,,Industrial REITs - 601025,Australia Large Blend Equity,Australian Equities,ASXStock
0.019968637904005118,Collins Foods Limited,Growth,Australian Shares,Australian Shares,Australian Shares,Consumer Discretionary - 25,ASX,AUD,Australia,,"Hotels, Restaurants & Leisure - 253010",Australia Large Blend Equity,Australian Equities,ASXStock
0.03081286526448732,Charter Hall Long Wale REIT,Growth,Australian Shares,Australian Shares,Australian Shares,Real Estate - 60,ASX,AUD,Australia,,Diversified REITs - 601010,Australia Large Blend Equity,Australian Equities,ASXStock
0.03985655099294463,Capricorn Metals Ltd,Growth,Australian Shares,Australian Shares,Australian Shares,Materials - 15,ASX,AUD,Australia,,Metals & Mining - 151040,Australia Large Blend Equity,Australian Equities,ASXStock
0.009289553353107289,Cromwell Property Group,Growth,Australian Shares,Australian Shares,Australian Shares,Real Estate - 60,ASX,AUD,Australia,,Office REITs - 601040,Australia Large Blend Equity,Australian Equities,ASXStock
0.01573016797478323,Centuria Capital Group,Growth,Australian Shares,Australian Shares,Australian Shares,Real Estate - 60,ASX,AUD,Australia,,Diversified REITs - 601010,Australia Large Blend Equity,Australian Equities,ASXStock
0.038818489249537264,Chorus Limited,Growth,Australian Shares,Australian Shares,Australian Shares,Communication Services - 50,ASX,AUD,Australia,,Diversified Telecommunication Services - 501010,Australia Large Blend Equity,Australian Equities,ASXStock
0.19562035549949966,Cochlear Limited,Growth,Australian Shares,Australian Shares,Australian Shares,Health Care - 35,ASX,AUD,Australia,,Health Care Equipment & Supplies - 351010,Australia Large Blend Equity,Australian Equities,ASXStock
0.3009493242148772,Coles Group Limited,Growth,Australian Shares,Australian Shares,Australian Shares,Consumer Staples - 30,ASX,AUD,Australia,,Consumer Staples Distribution & Retail - 301010,Australia Large Blend Equity,Australian Equities,ASXStock
0.17694104487790102,Computershare Limited,Growth,Australian Shares,Australian Shares,Australian Shares,Industrials - 20,ASX,AUD,Australia,,Professional Services - 202020,Australia Large Blend Equity,Australian Equities,ASXStock
0.012249616196464742,Charter Hall Social Infrastructure REIT,Growth,Australian Shares,Australian Shares,Australian Shares,Real Estate - 60,ASX,AUD,Australia,,Specialized REITs - 601080,Australia Large Blend Equity,Australian Equities,ASXStock
0.026377065533064355,Charter Hall Retail REIT,Growth,Australian Shares,Australian Shares,Australian Shares,Real Estate - 60,ASX,AUD,Australia,,Retail REITs - 601070,Australia Large Blend Equity,Australian Equities,ASXStock
0.005321261611864075,Coronado Global Resources Inc.,Growth,Australian Shares,Australian Shares,Australian Shares,Materials - 15,ASX,AUD,Australia,,Metals & Mining - 151040,Australia Large Blend Equity,Australian Equities,ASXStock
0.9881752208296416,CSL Limited,Growth,Australian Shares,Australian Shares,Australian Shares,Health Care - 35,ASX,AUD,Australia,,Biotechnology - 352010,Australia Large Blend Equity,Australian Equities,ASXStock
0.03172976915646287,CSR Limited,Growth,Australian Shares,Australian Shares,Australian Shares,Materials - 15,ASX,AUD,Australia,,Construction Materials - 151020,Australia Large Blend Equity,Australian Equities,ASXStock
0.03276603044479251,Corporate Travel Management Limited,Growth,Australian Shares,Australian Shares,Australian Shares,Consumer Discretionary - 25,ASX,AUD,Australia,,"Hotels, Restaurants & Leisure - 253010",Australia Large Blend Equity,Australian Equities,ASXStock
0.06843156186207527,Cleanaway Waste Management Limited,Growth,Australian Shares,Australian Shares,Australian Shares,Industrials - 20,ASX,AUD,Australia,,Commercial Services & Supplies - 202010,Australia Large Blend Equity,Australian Equities,ASXStock
0.024681696621426143,Core Lithium Ltd,Growth,Australian Shares,Australian Shares,Australian Shares,Materials - 15,ASX,AUD,Australia,,Metals & Mining - 151040,Australia Large Blend Equity,Australian Equities,ASXStock
0.030616652203049214,De Grey Mining Limited,Growth,Australian Shares,Australian Shares,Australian Shares,Materials - 15,ASX,AUD,Australia,,Metals & Mining - 151040,Australia Large Blend Equity,Australian Equities,ASXStock
0.017506702780459887,Domain Holdings Australia Limited,Growth,Australian Shares,Australian Shares,Australian Shares,Communication Services - 50,ASX,AUD,Australia,,Interactive Media & Services - 502030,Australia Large Blend Equity,Australian Equities,ASXStock
0.029359565453179158,Domino's Pizza Enterprises Limited,Growth,Australian Shares,Australian Shares,Australian Shares,Consumer Discretionary - 25,ASX,AUD,Australia,,"Hotels, Restaurants & Leisure - 253010",Australia Large Blend Equity,Australian Equities,ASXStock
0.049730424158019364,Downer EDI Limited,Growth,Australian Shares,Australian Shares,Australian Shares,Industrials - 20,ASX,AUD,Australia,,Commercial Services & Supplies - 202010,Australia Large Blend Equity,Australian Equities,ASXStock
0.02529246397349624,Deterra Royalties Limited,Growth,Australian Shares,Australian Shares,Australian Shares,Materials - 15,ASX,AUD,Australia,,Metals & Mining - 151040,Australia Large Blend Equity,Australian Equities,ASXStock
0.1051014801464844,Dexus,Growth,Australian Shares,Australian Shares,Australian Shares,Real Estate - 60,ASX,AUD,Australia,,Office REITs - 601040,Australia Large Blend Equity,Australian Equities,ASXStock
0.07883264809389445,Endeavour Group Limited,Growth,Australian Shares,Australian Shares,Australian Shares,Consumer Staples - 30,ASX,AUD,Australia,,Consumer Staples Distribution & Retail - 301010,Australia Large Blend Equity,Australian Equities,ASXStock
0.013225428496584368,Elders Limited,Growth,Australian Shares,Australian Shares,Australian Shares,Consumer Staples - 30,ASX,AUD,Australia,,Food Products - 302020,Australia Large Blend Equity,Australian Equities,ASXStock
0.1855164198279136,Evolution Mining Limited,Growth,Australian Shares,Australian Shares,Australian Shares,Materials - 15,ASX,AUD,Australia,,Metals & Mining - 151040,Australia Large Blend Equity,Australian Equities,ASXStock
0.01819664666318961,EVT Limited,Growth,Australian Shares,Australian Shares,Australian Shares,Communication Services - 50,ASX,AUD,Australia,,Entertainment - 502020,Australia Large Blend Equity,Australian Equities,ASXStock
0.01402235573775126,Fletcher Building Limited,Growth,Australian Shares,Australian Shares,Australian Shares,Industrials - 20,ASX,AUD,Australia,,Building Products - 201020,Australia Large Blend Equity,Australian Equities,ASXStock
0.03472393244246359,Flight Centre Travel Group Limited,Growth,Australian Shares,Australian Shares,Australian Shares,Consumer Discretionary - 25,ASX,AUD,Australia,,"Hotels, Restaurants & Leisure - 253010",Australia Large Blend Equity,Australian Equities,ASXStock
0.5083149520153922,Fortescue Ltd,Growth,Australian Shares,Australian Shares,Australian Shares,Materials - 15,ASX,AUD,Australia,,Metals & Mining - 151040,Australia Large Blend Equity,Australian Equities,ASXStock
0.03742911983412659,Fisher & Paykel Healthcare Corporation Limited,Growth,Australian Shares,Australian Shares,Australian Shares,Health Care - 35,ASX,AUD,Australia,,Health Care Equipment & Supplies - 351010,Australia Large Blend Equity,Australian Equities,ASXStock
0.3715586266916761,Goodman Group,Growth,Australian Shares,Australian Shares,Australian Shares,Real Estate - 60,ASX,AUD,Australia,,Industrial REITs - 601025,Australia Large Blend Equity,Australian Equities,ASXStock
0.022822104813673853,GrainCorp Limited,Growth,Australian Shares,Australian Shares,Australian Shares,Consumer Staples - 30,ASX,AUD,Australia,,Consumer Staples Distribution & Retail - 301010,Australia Large Blend Equity,Australian Equities,ASXStock
0.03753226047500096,Gold Road Resources Limited,Growth,Australian Shares,Australian Shares,Australian Shares,Materials - 15,ASX,AUD,Australia,,Metals & Mining - 151040,Australia Large Blend Equity,Australian Equities,ASXStock
0.008114557159383048,Growthpoint Properties Australia,Growth,Australian Shares,Australian Shares,Australian Shares,Real Estate - 60,ASX,AUD,Australia,,Diversified REITs - 601010,Australia Large Blend Equity,Australian Equities,ASXStock
0.11753075313605568,GPT Group,Growth,Australian Shares,Australian Shares,Australian Shares,Real Estate - 60,ASX,AUD,Australia,,Diversified REITs - 601010,Australia Large Blend Equity,Australian Equities,ASXStock
0.01723275576669361,G.U.D. Holdings Limited,Growth,Australian Shares,Australian Shares,Australian Shares,Consumer Discretionary - 25,ASX,AUD,Australia,,Automobile Components - 251010,Australia Large Blend Equity,Australian Equities,ASXStock
0.027232116057564048,Homeco Daily Needs REIT,Growth,Australian Shares,Australian Shares,Australian Shares,Real Estate - 60,ASX,AUD,Australia,,Retail REITs - 601070,Australia Large Blend Equity,Australian Equities,ASXStock
0.01659170879864154,Healius Limited,Growth,Australian Shares,Australian Shares,Australian Shares,Health Care - 35,ASX,AUD,Australia,,Health Care Providers & Services - 351020,Australia Large Blend Equity,Australian Equities,ASXStock
0.00587343284155933,HMC Capital Limited,Growth,Australian Shares,Australian Shares,Australian Shares,Real Estate - 60,ASX,AUD,Australia,,Retail REITs - 601070,Australia Large Blend Equity,Australian Equities,ASXStock
0.04392536801869276,HUB24 Limited,Growth,Australian Shares,Australian Shares,Australian Shares,Financials - 40,ASX,AUD,Australia,,Capital Markets - 402030,Australia Large Blend Equity,Australian Equities,ASXStock
0.045456214146140435,Harvey Norman Holdings Limited,Growth,Australian Shares,Australian Shares,Australian Shares,Consumer Discretionary - 25,ASX,AUD,Australia,,Broadline Retail - 255030,Australia Large Blend Equity,Australian Equities,ASXStock
0.15332500424615295,Insurance Australia Group Limited,Growth,Australian Shares,Australian Shares,Australian Shares,Financials - 40,ASX,AUD,Australia,,Insurance - 403010,Australia Large Blend Equity,Australian Equities,ASXStock
0.02692272662275906,Idp Education Limited,Growth,Australian Shares,Australian Shares,Australian Shares,Consumer Discretionary - 25,ASX,AUD,Australia,,Diversified Consumer Services - 253020,Australia Large Blend Equity,Australian Equities,ASXStock
0.02502629719394977,Insignia Financial Ltd,Growth,Australian Shares,Australian Shares,Australian Shares,Financials - 40,ASX,AUD,Australia,,Capital Markets - 402030,Australia Large Blend Equity,Australian Equities,ASXStock
0.1420292244520094,IGO Limited,Growth,Australian Shares,Australian Shares,Australian Shares,Materials - 15,ASX,AUD,Australia,,Metals & Mining - 151040,Australia Large Blend Equity,Australian Equities,ASXStock
0.050524658165815764,Iluka Resources Limited,Growth,Australian Shares,Australian Shares,Australian Shares,Materials - 15,ASX,AUD,Australia,,Metals & Mining - 151040,Australia Large Blend Equity,Australian Equities,ASXStock
0.000876721422526768,Imugene Limited,Growth,Australian Shares,Australian Shares,Australian Shares,Health Care - 35,ASX,AUD,Australia,,Biotechnology - 352010,Australia Large Blend Equity,Australian Equities,ASXStock
0.01968439059392619,Ingenia Communities Group,Growth,Australian Shares,Australian Shares,Australian Shares,Real Estate - 60,ASX,AUD,Australia,,Residential REITs - 601060,Australia Large Blend Equity,Australian Equities,ASXStock
0.012205462427448667,Inghams Group Limited,Growth,Australian Shares,Australian Shares,Australian Shares,Consumer Staples - 30,ASX,AUD,Australia,,Food Products - 302020,Australia Large Blend Equity,Australian Equities,ASXStock
0.014755407948172337,IPH Limited,Growth,Australian Shares,Australian Shares,Australian Shares,Industrials - 20,ASX,AUD,Australia,,Professional Services - 202020,Australia Large Blend Equity,Australian Equities,ASXStock
0.07738307338487709,Incitec Pivot Limited,Growth,Australian Shares,Australian Shares,Australian Shares,Materials - 15,ASX,AUD,Australia,,Chemicals - 151010,Australia Large Blend Equity,Australian Equities,ASXStock
0.014991333718739615,IRESS Limited,Growth,Australian Shares,Australian Shares,Australian Shares,Information Technology - 45,ASX,AUD,Australia,,Software - 451030,Australia Large Blend Equity,Australian Equities,ASXStock
0.06160226874835489,JB Hi-Fi Limited,Growth,Australian Shares,Australian Shares,Australian Shares,Consumer Discretionary - 25,ASX,AUD,Australia,,Specialty Retail - 255040,Australia Large Blend Equity,Australian Equities,ASXStock
0.13620046572935082,James Hardie Industries PLC,Growth,Australian Shares,Australian Shares,Australian Shares,Materials - 15,ASX,AUD,Australia,,Construction Materials - 151020,Australia Large Blend Equity,Australian Equities,ASXStock
0.013147158359155588,Johns Lyng Group Limited,Growth,Australian Shares,Australian Shares,Australian Shares,Industrials - 20,ASX,AUD,Australia,,Construction & Engineering - 201030,Australia Large Blend Equity,Australian Equities,ASXStock
0.016975499649456636,Karoon Energy Ltd,Growth,Australian Shares,Australian Shares,Australian Shares,Energy - 10,ASX,AUD,Australia,,"Oil, Gas & Consumable Fuels - 101020",Australia Large Blend Equity,Australian Equities,ASXStock
0.019376849213026334,Kelsian Group Limited,Growth,Australian Shares,Australian Shares,Australian Shares,Industrials - 20,ASX,AUD,Australia,,Ground Transportation - 203040,Australia Large Blend Equity,Australian Equities,ASXStock
0.01137686340745413,Lifestyle Communities Limited,Growth,Australian Shares,Australian Shares,Australian Shares,Real Estate - 60,ASX,AUD,Australia,,Real Estate Management & Development - 602010,Australia Large Blend Equity,Australian Equities,ASXStock
0.008368290722876717,Lake Resources N.L.,Growth,Australian Shares,Australian Shares,Australian Shares,Materials - 15,ASX,AUD,Australia,,Metals & Mining - 151040,Australia Large Blend Equity,Australian Equities,ASXStock
0.0532955140307605,Lendlease Group,Growth,Australian Shares,Australian Shares,Australian Shares,Real Estate - 60,ASX,AUD,Australia,,Real Estate Management & Development - 602010,Australia Large Blend Equity,Australian Equities,ASXStock
0.007322254420722202,Link Administration Holdings Limited,Growth,Australian Shares,Australian Shares,Australian Shares,Industrials - 20,ASX,AUD,Australia,,Professional Services - 202020,Australia Large Blend Equity,Australian Equities,ASXStock
0.018672614542943708,Lovisa Holdings Limited,Growth,Australian Shares,Australian Shares,Australian Shares,Consumer Discretionary - 25,ASX,AUD,Australia,,Specialty Retail - 255040,Australia Large Blend Equity,Australian Equities,ASXStock
0.16011325830546438,Liontown Resources Limited,Growth,Australian Shares,Australian Shares,Australian Shares,Materials - 15,ASX,AUD,Australia,,Metals & Mining - 151040,Australia Large Blend Equity,Australian Equities,ASXStock
0.17027186956849683,Lynas Rare Earths Limited,Growth,Australian Shares,Australian Shares,Australian Shares,Materials - 15,ASX,AUD,Australia,,Metals & Mining - 151040,Australia Large Blend Equity,Australian Equities,ASXStock
0.013484171690332891,Magellan Financial Group Limited,Growth,Australian Shares,Australian Shares,Australian Shares,Financials - 40,ASX,AUD,Australia,,Capital Markets - 402030,Australia Large Blend Equity,Australian Equities,ASXStock
0.12624738539195574,Mirvac Group,Growth,Australian Shares,Australian Shares,Australian Shares,Real Estate - 60,ASX,AUD,Australia,,Diversified REITs - 601010,Australia Large Blend Equity,Australian Equities,ASXStock
0.185371689291278,Mineral Resources Limited,Growth,Australian Shares,Australian Shares,Australian Shares,Materials - 15,ASX,AUD,Australia,,Metals & Mining - 151040,Australia Large Blend Equity,Australian Equities,ASXStock
0.029163526027376197,Monadelphous Group Limited,Growth,Australian Shares,Australian Shares,Australian Shares,Industrials - 20,ASX,AUD,Australia,,Construction & Engineering - 201030,Australia Large Blend Equity,Australian Equities,ASXStock
0.04262207787404342,Megaport Limited,Growth,Australian Shares,Australian Shares,Australian Shares,Information Technology - 45,ASX,AUD,Australia,,IT Services - 451020,Australia Large Blend Equity,Australian Equities,ASXStock
0.1462121262919312,Medibank Private Limited,Growth,Australian Shares,Australian Shares,Australian Shares,Financials - 40,ASX,AUD,Australia,,Insurance - 403010,Australia Large Blend Equity,Australian Equities,ASXStock
0.6616366435815401,Macquarie Group Limited,Growth,Australian Shares,Australian Shares,Australian Shares,Financials - 40,ASX,AUD,Australia,,Capital Markets - 402030,Australia Large Blend Equity,Australian Equities,ASXStock
0.05071773240610693,Metcash Limited,Growth,Australian Shares,Australian Shares,Australian Shares,Consumer Staples - 30,ASX,AUD,Australia,,Consumer Staples Distribution & Retail - 301010,Australia Large Blend Equity,Australian Equities,ASXStock
1.1376963143837555,National Australia Bank Limited,Growth,Australian Shares,Australian Shares,Australian Shares,Financials - 40,ASX,AUD,Australia,,Banks - 401010,Australia Large Blend Equity,Australian Equities,ASXStock
0.017352851016248966,Nanosonics Limited,Growth,Australian Shares,Australian Shares,Australian Shares,Health Care - 35,ASX,AUD,Australia,,Health Care Equipment & Supplies - 351010,Australia Large Blend Equity,Australian Equities,ASXStock
0.045812654058868495,Nine Entertainment Co. Holdings Limited,Growth,Australian Shares,Australian Shares,Australian Shares,Communication Services - 50,ASX,AUD,Australia,,Media - 502010,Australia Large Blend Equity,Australian Equities,ASXStock
0.6188216975766961,Newmont Corporation,Growth,Australian Shares,Australian Shares,Australian Shares,Materials - 15,ASX,AUD,Australia,,Metals & Mining - 151040,Australia Large Blend Equity,Australian Equities,ASXStock
0.028647531787453467,New Hope Corporation Limited,Growth,Australian Shares,Australian Shares,Australian Shares,Energy - 10,ASX,AUD,Australia,,"Oil, Gas & Consumable Fuels - 101020",Australia Large Blend Equity,Australian Equities,ASXStock
0.05989579970832195,NIB Holdings Limited,Growth,Australian Shares,Australian Shares,Australian Shares,Financials - 40,ASX,AUD,Australia,,Insurance - 403010,Australia Large Blend Equity,Australian Equities,ASXStock
0.015320741448338818,Nickel Industries Limited,Growth,Australian Shares,Australian Shares,Australian Shares,Materials - 15,ASX,AUD,Australia,,Metals & Mining - 151040,Australia Large Blend Equity,Australian Equities,ASXStock
0.037641575601003965,National Storage REIT,Growth,Australian Shares,Australian Shares,Australian Shares,Real Estate - 60,ASX,AUD,Australia,,Specialized REITs - 601080,Australia Large Blend Equity,Australian Equities,ASXStock
0.26970049565744164,Northern Star Resources Ltd,Growth,Australian Shares,Australian Shares,Australian Shares,Materials - 15,ASX,AUD,Australia,,Metals & Mining - 151040,Australia Large Blend Equity,Australian Equities,ASXStock
0.015513249853001631,Nufarm Limited,Growth,Australian Shares,Australian Shares,Australian Shares,Materials - 15,ASX,AUD,Australia,,Chemicals - 151010,Australia Large Blend Equity,Australian Equities,ASXStock
0.021997336592110506,NRW Holdings Limited,Growth,Australian Shares,Australian Shares,Australian Shares,Industrials - 20,ASX,AUD,Australia,,Construction & Engineering - 201030,Australia Large Blend Equity,Australian Equities,ASXStock
0.014747232053280738,Netwealth Group Limited,Growth,Australian Shares,Australian Shares,Australian Shares,Financials - 40,ASX,AUD,Australia,,Capital Markets - 402030,Australia Large Blend Equity,Australian Equities,ASXStock
0.011103101725590123,News Corporation..,Growth,Australian Shares,Australian Shares,Australian Shares,Communication Services - 50,ASX,AUD,Australia,,Media - 502010,Australia Large Blend Equity,Australian Equities,ASXStock
0.07252773212038402,Nextdc Limited,Growth,Australian Shares,Australian Shares,Australian Shares,Information Technology - 45,ASX,AUD,Australia,,IT Services - 451020,Australia Large Blend Equity,Australian Equities,ASXStock
0.032471991612605035,Orora Limited,Growth,Australian Shares,Australian Shares,Australian Shares,Materials - 15,ASX,AUD,Australia,,Containers & Packaging - 151030,Australia Large Blend Equity,Australian Equities,ASXStock
0.19287140447830597,Origin Energy Limited,Growth,Australian Shares,Australian Shares,Australian Shares,Utilities - 55,ASX,AUD,Australia,,Electric Utilities - 551010,Australia Large Blend Equity,Australian Equities,ASXStock
0.11542221783455914,Orica Limited,Growth,Australian Shares,Australian Shares,Australian Shares,Materials - 15,ASX,AUD,Australia,,Chemicals - 151010,Australia Large Blend Equity,Australian Equities,ASXStock
0.028837033426995385,Paladin Energy Ltd,Growth,Australian Shares,Australian Shares,Australian Shares,Energy - 10,ASX,AUD,Australia,,"Oil, Gas & Consumable Fuels - 101020",Australia Large Blend Equity,Australian Equities,ASXStock
0.26179568454935975,Pilbara Minerals Limited,Growth,Australian Shares,Australian Shares,Australian Shares,Materials - 15,ASX,AUD,Australia,,Metals & Mining - 151040,Australia Large Blend Equity,Australian Equities,ASXStock
0.044304387365245376,Pro Medicus Limited,Growth,Australian Shares,Australian Shares,Australian Shares,Health Care - 35,ASX,AUD,Australia,,Health Care Technology - 351030,Australia Large Blend Equity,Australian Equities,ASXStock
0.016317255458998606,Premier Investments Limited,Growth,Australian Shares,Australian Shares,Australian Shares,Consumer Discretionary - 25,ASX,AUD,Australia,,Specialty Retail - 255040,Australia Large Blend Equity,Australian Equities,ASXStock
0.014055667231693136,Pinnacle Investment Management Group Limited,Growth,Australian Shares,Australian Shares,Australian Shares,Financials - 40,ASX,AUD,Australia,,Capital Markets - 402030,Australia Large Blend Equity,Australian Equities,ASXStock
0.007358147823779242,Polynovo Limited,Growth,Australian Shares,Australian Shares,Australian Shares,Health Care - 35,ASX,AUD,Australia,,Health Care Equipment & Supplies - 351010,Australia Large Blend Equity,Australian Equities,ASXStock
0.027518335364458392,Perpetual Limited,Growth,Australian Shares,Australian Shares,Australian Shares,Financials - 40,ASX,AUD,Australia,,Capital Markets - 402030,Australia Large Blend Equity,Australian Equities,ASXStock
0.06021344857016335,Perseus Mining Limited,Growth,Australian Shares,Australian Shares,Australian Shares,Materials - 15,ASX,AUD,Australia,,Metals & Mining - 151040,Australia Large Blend Equity,Australian Equities,ASXStock
0.018537376581730262,Pexa Group Limited,Growth,Australian Shares,Australian Shares,Australian Shares,Real Estate - 60,ASX,AUD,Australia,,Real Estate Management & Development - 602010,Australia Large Blend Equity,Australian Equities,ASXStock
0.1504221868001793,Qantas Airways Limited,Growth,Australian Shares,Australian Shares,Australian Shares,Industrials - 20,ASX,AUD,Australia,,Passenger Airlines - 203020,Australia Large Blend Equity,Australian Equities,ASXStock
0.26077943880196747,QBE Insurance Group Limited,Growth,Australian Shares,Australian Shares,Australian Shares,Financials - 40,ASX,AUD,Australia,,Insurance - 403010,Australia Large Blend Equity,Australian Equities,ASXStock
0.07651930693714067,Qube Holdings Limited,Growth,Australian Shares,Australian Shares,Australian Shares,Industrials - 20,ASX,AUD,Australia,,Transportation Infrastructure - 203050,Australia Large Blend Equity,Australian Equities,ASXStock
0.08072397139970638,REA Group Ltd,Growth,Australian Shares,Australian Shares,Australian Shares,Communication Services - 50,ASX,AUD,Australia,,Interactive Media & Services - 502030,Australia Large Blend Equity,Australian Equities,ASXStock
0.028129757448041002,Reece Limited,Growth,Australian Shares,Australian Shares,Australian Shares,Industrials - 20,ASX,AUD,Australia,,Trading Companies & Distributors - 201070,Australia Large Blend Equity,Australian Equities,ASXStock
0.03488791123280446,Region Group,Growth,Australian Shares,Australian Shares,Australian Shares,Real Estate - 60,ASX,AUD,Australia,,Retail REITs - 601070,Australia Large Blend Equity,Australian Equities,ASXStock
0.11449176860660895,Ramsay Health Care Limited,Growth,Australian Shares,Australian Shares,Australian Shares,Health Care - 35,ASX,AUD,Australia,,Health Care Providers & Services - 351020,Australia Large Blend Equity,Australian Equities,ASXStock
0.5467833625045466,Rio Tinto Limited,Growth,Australian Shares,Australian Shares,Australian Shares,Materials - 15,ASX,AUD,Australia,,Metals & Mining - 151040,Australia Large Blend Equity,Australian Equities,ASXStock
0.12340691623773915,ResMed Inc.,Growth,Australian Shares,Australian Shares,Australian Shares,Health Care - 35,ASX,AUD,Australia,,Health Care Equipment & Supplies - 351010,Australia Large Blend Equity,Australian Equities,ASXStock
0.03566334883784655,Regis Resources Limited,Growth,Australian Shares,Australian Shares,Australian Shares,Materials - 15,ASX,AUD,Australia,,Metals & Mining - 151040,Australia Large Blend Equity,Australian Equities,ASXStock
0.03139226206431696,Reliance Worldwide Corporation Limited,Growth,Australian Shares,Australian Shares,Australian Shares,Industrials - 20,ASX,AUD,Australia,,Building Products - 201020,Australia Large Blend Equity,Australian Equities,ASXStock
0.1786166834527853,South32 Limited,Growth,Australian Shares,Australian Shares,Australian Shares,Materials - 15,ASX,AUD,Australia,,Metals & Mining - 151040,Australia Large Blend Equity,Australian Equities,ASXStock
0.203760809564772,Scentre Group,Growth,Australian Shares,Australian Shares,Australian Shares,Real Estate - 60,ASX,AUD,Australia,,Retail REITs - 601070,Australia Large Blend Equity,Australian Equities,ASXStock
0.06093949212545991,Steadfast Group Limited,Growth,Australian Shares,Australian Shares,Australian Shares,Financials - 40,ASX,AUD,Australia,,Insurance - 403010,Australia Large Blend Equity,Australian Equities,ASXStock
0.10518837673235934,Seek Limited,Growth,Australian Shares,Australian Shares,Australian Shares,Communication Services - 50,ASX,AUD,Australia,,Interactive Media & Services - 502030,Australia Large Blend Equity,Australian Equities,ASXStock
0.05378332659059263,Sandfire Resources Limited,Growth,Australian Shares,Australian Shares,Australian Shares,Materials - 15,ASX,AUD,Australia,,Metals & Mining - 151040,Australia Large Blend Equity,Australian Equities,ASXStock
0.03929367223526435,Sims Limited,Growth,Australian Shares,Australian Shares,Australian Shares,Materials - 15,ASX,AUD,Australia,,Metals & Mining - 151040,Australia Large Blend Equity,Australian Equities,ASXStock
0.14844624620170915,Stockland,Growth,Australian Shares,Australian Shares,Australian Shares,Real Estate - 60,ASX,AUD,Australia,,Diversified REITs - 601010,Australia Large Blend Equity,Australian Equities,ASXStock
0.008093012881853488,The Star Entertainment Group Limited,Growth,Australian Shares,Australian Shares,Australian Shares,Consumer Discretionary - 25,ASX,AUD,Australia,,"Hotels, Restaurants & Leisure - 253010",Australia Large Blend Equity,Australian Equities,ASXStock
0.1562856626627444,Sonic Healthcare Limited,Growth,Australian Shares,Australian Shares,Australian Shares,Health Care - 35,ASX,AUD,Australia,,Health Care Providers & Services - 351020,Australia Large Blend Equity,Australian Equities,ASXStock
0.009763005894296267,Silver Lake Resources Limited,Growth,Australian Shares,Australian Shares,Australian Shares,Materials - 15,ASX,AUD,Australia,,Metals & Mining - 151040,Australia Large Blend Equity,Australian Equities,ASXStock
0.1024443847122994,Washington H Soul Pattinson & Company Limited,Growth,Australian Shares,Australian Shares,Australian Shares,Financials - 40,ASX,AUD,Australia,,Financial Services - 402010,Australia Large Blend Equity,Australian Equities,ASXStock
0.009793752092228257,Spark New Zealand Limited,Growth,Australian Shares,Australian Shares,Australian Shares,Communication Services - 50,ASX,AUD,Australia,,Diversified Telecommunication Services - 501010,Australia Large Blend Equity,Australian Equities,ASXStock
0.02204882566951053,Block Inc.,Growth,Australian Shares,Australian Shares,Australian Shares,Financials - 40,ASX,AUD,Australia,,Financial Services - 402010,Australia Large Blend Equity,Australian Equities,ASXStock
0.2969463332071194,Santos Limited,Growth,Australian Shares,Australian Shares,Australian Shares,Energy - 10,ASX,AUD,Australia,,"Oil, Gas & Consumable Fuels - 101020",Australia Large Blend Equity,Australian Equities,ASXStock
0.027670703212087946,Super Retail Group Limited,Growth,Australian Shares,Australian Shares,Australian Shares,Consumer Discretionary - 25,ASX,AUD,Australia,,Specialty Retail - 255040,Australia Large Blend Equity,Australian Equities,ASXStock
0.18626478056897453,Suncorp Group Limited,Growth,Australian Shares,Australian Shares,Australian Shares,Financials - 40,ASX,AUD,Australia,,Insurance - 403010,Australia Large Blend Equity,Australian Equities,ASXStock
0.04881502947148135,Seven Group Holdings Limited,Growth,Australian Shares,Australian Shares,Australian Shares,Industrials - 20,ASX,AUD,Australia,,Trading Companies & Distributors - 201070,Australia Large Blend Equity,Australian Equities,ASXStock
0.016728798477355655,Sayona Mining Limited,Growth,Australian Shares,Australian Shares,Australian Shares,Materials - 15,ASX,AUD,Australia,,Metals & Mining - 151040,Australia Large Blend Equity,Australian Equities,ASXStock
0.007888884135588888,Syrah Resources Limited,Growth,Australian Shares,Australian Shares,Australian Shares,Materials - 15,ASX,AUD,Australia,,Metals & Mining - 151040,Australia Large Blend Equity,Australian Equities,ASXStock
0.04627920771838847,TABCORP Holdings Limited,Growth,Australian Shares,Australian Shares,Australian Shares,Consumer Discretionary - 25,ASX,AUD,Australia,,"Hotels, Restaurants & Leisure - 253010",Australia Large Blend Equity,Australian Equities,ASXStock
0.5294972986047141,Transurban Group,Growth,Australian Shares,Australian Shares,Australian Shares,Industrials - 20,ASX,AUD,Australia,,Transportation Infrastructure - 203050,Australia Large Blend Equity,Australian Equities,ASXStock
0.14771661903794622,The Lottery Corporation Limited,Growth,Australian Shares,Australian Shares,Australian Shares,Consumer Discretionary - 25,ASX,AUD,Australia,,"Hotels, Restaurants & Leisure - 253010",Australia Large Blend Equity,Australian Equities,ASXStock
0.6841337975828662,Telstra Group Limited,Growth,Australian Shares,Australian Shares,Australian Shares,Communication Services - 50,ASX,AUD,Australia,,Diversified Telecommunication Services - 501010,Australia Large Blend Equity,Australian Equities,ASXStock
0.018113728026376723,Telix Pharmaceuticals Limited,Growth,Australian Shares,Australian Shares,Australian Shares,Health Care - 35,ASX,AUD,Australia,,Biotechnology - 352010,Australia Large Blend Equity,Australian Equities,ASXStock
0.04747267615650073,Technology One Limited,Growth,Australian Shares,Australian Shares,Australian Shares,Information Technology - 45,ASX,AUD,Australia,,Software - 451030,Australia Large Blend Equity,Australian Equities,ASXStock
0.0327322823781138,TPG Telecom Limited,Growth,Australian Shares,Australian Shares,Australian Shares,Communication Services - 50,ASX,AUD,Australia,,Diversified Telecommunication Services - 501010,Australia Large Blend Equity,Australian Equities,ASXStock
0.052492373458613836,Treasury Wine Estates Limited,Growth,Australian Shares,Australian Shares,Australian Shares,Consumer Staples - 30,ASX,AUD,Australia,,Beverages - 302010,Australia Large Blend Equity,Australian Equities,ASXStock
0.09920399053887591,Vicinity Centres,Growth,Australian Shares,Australian Shares,Australian Shares,Real Estate - 60,ASX,AUD,Australia,,Retail REITs - 601070,Australia Large Blend Equity,Australian Equities,ASXStock
0.02042124386279412,Viva Energy Group Limited,Growth,Australian Shares,Australian Shares,Australian Shares,Energy - 10,ASX,AUD,Australia,,"Oil, Gas & Consumable Fuels - 101020",Australia Large Blend Equity,Australian Equities,ASXStock
0.029280656482279635,Ventia Services Group Limited,Growth,Australian Shares,Australian Shares,Australian Shares,Industrials - 20,ASX,AUD,Australia,,Construction & Engineering - 201030,Australia Large Blend Equity,Australian Equities,ASXStock
0.043933526524333195,Virgin Money Uk PLC,Growth,Australian Shares,Australian Shares,Australian Shares,Financials - 40,ASX,AUD,Australia,,Banks - 401010,Australia Large Blend Equity,Australian Equities,ASXStock
0.019117802486375183,West African Resources Limited,Growth,Australian Shares,Australian Shares,Australian Shares,Materials - 15,ASX,AUD,Australia,,Metals & Mining - 151040,Australia Large Blend Equity,Australian Equities,ASXStock
1.0469573513134054,Westpac Banking Corporation,Growth,Australian Shares,Australian Shares,Australian Shares,Financials - 40,ASX,AUD,Australia,,Banks - 401010,Australia Large Blend Equity,Australian Equities,ASXStock
0.8940391921766155,Woodside Energy Group Ltd,Growth,Australian Shares,Australian Shares,Australian Shares,Energy - 10,ASX,AUD,Australia,,"Oil, Gas & Consumable Fuels - 101020",Australia Large Blend Equity,Australian Equities,ASXStock
0.03297407357403579,Webjet Limited,Growth,Australian Shares,Australian Shares,Australian Shares,Consumer Discretionary - 25,ASX,AUD,Australia,,"Hotels, Restaurants & Leisure - 253010",Australia Large Blend Equity,Australian Equities,ASXStock
0.796502506513074,Wesfarmers Limited,Growth,Australian Shares,Australian Shares,Australian Shares,Consumer Discretionary - 25,ASX,AUD,Australia,,Broadline Retail - 255030,Australia Large Blend Equity,Australian Equities,ASXStock
0.0755356219740555,Whitehaven Coal Limited,Growth,Australian Shares,Australian Shares,Australian Shares,Energy - 10,ASX,AUD,Australia,,"Oil, Gas & Consumable Fuels - 101020",Australia Large Blend Equity,Australian Equities,ASXStock
0.07376145565746252,Worley Limited,Growth,Australian Shares,Australian Shares,Australian Shares,Industrials - 20,ASX,AUD,Australia,,Construction & Engineering - 201030,Australia Large Blend Equity,Australian Equities,ASXStock
0.5197417049522947,Woolworths Group Limited,Growth,Australian Shares,Australian Shares,Australian Shares,Consumer Staples - 30,ASX,AUD,Australia,,Consumer Staples Distribution & Retail - 301010,Australia Large Blend Equity,Australian Equities,ASXStock
0.023323406900838766,Waypoint REIT,Growth,Australian Shares,Australian Shares,Australian Shares,Real Estate - 60,ASX,AUD,Australia,,Retail REITs - 601070,Australia Large Blend Equity,Australian Equities,ASXStock
0.08707353786217735,WiseTech Global Limited,Growth,Australian Shares,Australian Shares,Australian Shares,Information Technology - 45,ASX,AUD,Australia,,Software - 451030,Australia Large Blend Equity,Australian Equities,ASXStock
0.13984437337893948,Xero Limited,Growth,Australian Shares,Australian Shares,Australian Shares,Information Technology - 45,ASX,AUD,Australia,,Software - 451030,Australia Large Blend Equity,Australian Equities,ASXStock
0.008967622676375605,Bank Account,Defensive,Cash,Cash,Cash,ASXStock,Cash,Cash,Bank Account,Cash,Cash,Domestic Cash,Cash,Cash
0.003172795828168611,Australian Finance Group Ltd,Growth,Australian Shares,Australian Shares,Australian Shares,Financials - 40,ASX,AUD,Australia,,Financial Services - 402010,Australia Large Blend Equity,Australian Equities,ASXStock
0.0013886646113871746,Auckland International Airport Limited,Growth,Australian Shares,Australian Shares,Australian Shares,Industrials - 20,ASX,AUD,Australia,,Transportation Infrastructure - 203050,Australia Large Blend Equity,Australian Equities,ASXStock
0.007867621853882881,Aristocrat Leisure Limited,Growth,Australian Shares,Australian Shares,Australian Shares,Consumer Discretionary - 25,ASX,AUD,Australia,,"Hotels, Restaurants & Leisure - 253010",Australia Large Blend Equity,Australian Equities,ASXStock
0.009967278761345748,AMP Limited,Growth,Australian Shares,Australian Shares,Australian Shares,Financials - 40,ASX,AUD,Australia,,Financial Services - 402010,Australia Large Blend Equity,Australian Equities,ASXStock
0.003007588552033652,APA Group,Growth,Australian Shares,Australian Shares,Australian Shares,Utilities - 55,ASX,AUD,Australia,,Gas Utilities - 551020,Australia Large Blend Equity,Australian Equities,ASXStock
0.0014845899010745278,Bendigo and Adelaide Bank Limited,Growth,Australian Shares,Australian Shares,Australian Shares,Financials - 40,ASX,AUD,Australia,,Banks - 401010,Australia Large Blend Equity,Australian Equities,ASXStock
0.0009574659630255106,Brickworks Limited,Growth,Australian Shares,Australian Shares,Australian Shares,Materials - 15,ASX,AUD,Australia,,Construction Materials - 151020,Australia Large Blend Equity,Australian Equities,ASXStock
0.013185941039040678,Centuria Office REIT,Growth,Australian Shares,Australian Shares,Australian Shares,Real Estate - 60,ASX,AUD,Australia,,Office REITs - 601040,Australia Large Blend Equity,Australian Equities,ASXStock
0.002389984698892058,CSL Limited,Growth,Australian Shares,Australian Shares,Australian Shares,Health Care - 35,ASX,AUD,Australia,,Biotechnology - 352010,Australia Large Blend Equity,Australian Equities,ASXStock
0.013293534168022666,Downer EDI Limited,Growth,Australian Shares,Australian Shares,Australian Shares,Industrials - 20,ASX,AUD,Australia,,Commercial Services & Supplies - 202010,Australia Large Blend Equity,Australian Equities,ASXStock
0.000541869181381496,Ebos Group Limited,Growth,Australian Shares,Australian Shares,Australian Shares,Health Care - 35,ASX,AUD,Australia,,Health Care Providers & Services - 351020,Australia Large Blend Equity,Australian Equities,ASXStock
0.0007458828633841241,Endeavour Group Limited,Growth,Australian Shares,Australian Shares,Australian Shares,Consumer Staples - 30,ASX,AUD,Australia,,Consumer Staples Distribution & Retail - 301010,Australia Large Blend Equity,Australian Equities,ASXStock
0.0038489654001658963,Flight Centre Travel Group Limited,Growth,Australian Shares,Australian Shares,Australian Shares,Consumer Discretionary - 25,ASX,AUD,Australia,,"Hotels, Restaurants & Leisure - 253010",Australia Large Blend Equity,Australian Equities,ASXStock
0.0018489997234723253,Fisher & Paykel Healthcare Corporation Limited,Growth,Australian Shares,Australian Shares,Australian Shares,Health Care - 35,ASX,AUD,Australia,,Health Care Equipment & Supplies - 351010,Australia Large Blend Equity,Australian Equities,ASXStock
0.0025075626782681075,Hastings Technology Metals Ltd,Growth,Australian Shares,Australian Shares,Australian Shares,Materials - 15,ASX,AUD,Australia,,Metals & Mining - 151040,Australia Large Blend Equity,Australian Equities,ASXStock
0.001463625147917061,Insurance Australia Group Limited,Growth,Australian Shares,Australian Shares,Australian Shares,Financials - 40,ASX,AUD,Australia,,Insurance - 403010,Australia Large Blend Equity,Australian Equities,ASXStock
0.02110635594111831,Newmont Corporation,Growth,Australian Shares,Australian Shares,Australian Shares,Materials - 15,ASX,AUD,Australia,,Metals & Mining - 151040,Australia Large Blend Equity,Australian Equities,ASXStock
0.0026480669142640322,Nextdc Limited,Growth,Australian Shares,Australian Shares,Australian Shares,Information Technology - 45,ASX,AUD,Australia,,IT Services - 451020,Australia Large Blend Equity,Australian Equities,ASXStock
0.004701546512071789,Orora Limited,Growth,Australian Shares,Australian Shares,Australian Shares,Materials - 15,ASX,AUD,Australia,,Containers & Packaging - 151030,Australia Large Blend Equity,Australian Equities,ASXStock
0.019144834081696163,Perseus Mining Limited,Growth,Australian Shares,Australian Shares,Australian Shares,Materials - 15,ASX,AUD,Australia,,Metals & Mining - 151040,Australia Large Blend Equity,Australian Equities,ASXStock
0.0034826902703472677,Red 5 Limited,Growth,Australian Shares,Australian Shares,Australian Shares,Materials - 15,ASX,AUD,Australia,,Metals & Mining - 151040,Australia Large Blend Equity,Australian Equities,ASXStock
0.02097305777011476,Rio Tinto Limited,Growth,Australian Shares,Australian Shares,Australian Shares,Materials - 15,ASX,AUD,Australia,,Metals & Mining - 151040,Australia Large Blend Equity,Australian Equities,ASXStock
0.006711353537132597,ResMed Inc.,Growth,Australian Shares,Australian Shares,Australian Shares,Health Care - 35,ASX,AUD,Australia,,Health Care Equipment & Supplies - 351010,Australia Large Blend Equity,Australian Equities,ASXStock
0.027406922327331492,Ramelius Resources Limited,Growth,Australian Shares,Australian Shares,Australian Shares,Materials - 15,ASX,AUD,Australia,,Metals & Mining - 151040,Australia Large Blend Equity,Australian Equities,ASXStock
0.024326017610311047,Resolute Mining Limited,Growth,Australian Shares,Australian Shares,Australian Shares,Materials - 15,ASX,AUD,Australia,,Metals & Mining - 151040,Australia Large Blend Equity,Australian Equities,ASXStock
0.0008751391077989353,Siteminder Limited,Growth,Australian Shares,Australian Shares,Australian Shares,Information Technology - 45,ASX,AUD,Australia,,Software - 451030,Australia Large Blend Equity,Australian Equities,ASXStock
0.0032080352450895916,Sonic Healthcare Limited,Growth,Australian Shares,Australian Shares,Australian Shares,Health Care - 35,ASX,AUD,Australia,,Health Care Providers & Services - 351020,Australia Large Blend Equity,Australian Equities,ASXStock
0.001103524058203628,Spark New Zealand Limited,Growth,Australian Shares,Australian Shares,Australian Shares,Communication Services - 50,ASX,AUD,Australia,,Diversified Telecommunication Services - 501010,Australia Large Blend Equity,Australian Equities,ASXStock
0.0019704488449509942,Strike Energy Limited,Growth,Australian Shares,Australian Shares,Australian Shares,Energy - 10,ASX,AUD,Australia,,"Oil, Gas & Consumable Fuels - 101020",Australia Large Blend Equity,Australian Equities,ASXStock
0.0014443282766902397,Terracom Limited,Growth,Australian Shares,Australian Shares,Australian Shares,Energy - 10,ASX,AUD,Australia,,"Oil, Gas & Consumable Fuels - 101020",Australia Large Blend Equity,Australian Equities,ASXStock
0.0006594228623144893,Telix Pharmaceuticals Limited,Growth,Australian Shares,Australian Shares,Australian Shares,Health Care - 35,ASX,AUD,Australia,,Biotechnology - 352010,Australia Large Blend Equity,Australian Equities,ASXStock
0.002668279690570374,Unibail-Rodamco-Westfield,Growth,Australian Shares,Australian Shares,Australian Shares,Real Estate - 60,ASX,AUD,Australia,,Retail REITs - 601070,Australia Large Blend Equity,Australian Equities,ASXStock
0.004290937435377556,TELEFONICA SA,Growth,International Shares,Global Shares,Global Shares,Communication Services - 50,Bolsa De Madrid,EUR,Spain,,Integrated Telecommunication Services - 50101020,World Large Blend Equity,International Equities - Unhedged,IEQStock
0.004169735308153524,CELLNEX TELECOM SA,Growth,International Shares,Global Shares,Global Shares,Communication Services - 50,Bolsa De Madrid,EUR,Spain,,Integrated Telecommunication Services - 50101020,World Large Blend Equity,International Equities - Unhedged,IEQStock
0.005913584653415338,REPSOL SA,Growth,International Shares,Global Shares,Global Shares,Energy - 10,Bolsa De Madrid,EUR,Spain,,Integrated Oil & Gas - 10102010,World Large Blend Equity,International Equities - Unhedged,IEQStock
0.0073706526549245956,CAIXABANK SA,Growth,International Shares,Global Shares,Global Shares,Financials - 40,Bolsa De Madrid,EUR,Spain,,Diversified Banks - 40101010,World Large Blend Equity,International Equities - Unhedged,IEQStock
0.006208575874225921,FERROVIAL SE,Growth,International Shares,Global Shares,Global Shares,Industrials - 20,Bolsa De Madrid,EUR,Spain,,Construction & Engineering - 20103010,World Large Blend Equity,International Equities - Unhedged,IEQStock
0.0035689756425119137,AENA SME SA,Growth,International Shares,Global Shares,Global Shares,Industrials - 20,Bolsa De Madrid,EUR,Spain,,Airport Services - 20305010,World Large Blend Equity,International Equities - Unhedged,IEQStock
0.0031115396988499267,ACS ACTIVIDADES DE CONSTRUCCION Y,Growth,International Shares,Global Shares,Global Shares,Industrials - 20,Bolsa De Madrid,EUR,Spain,,Construction & Engineering - 20103010,World Large Blend Equity,International Equities - Unhedged,IEQStock
0.0021460722405541545,ENDESA SA,Growth,International Shares,Global Shares,Global Shares,Utilities - 55,Bolsa De Madrid,EUR,Spain,,Electric Utilities - 55101010,World Large Blend Equity,International Equities - Unhedged,IEQStock
0.0008793420688098501,NATURGY ENERGY SA,Growth,International Shares,Global Shares,Global Shares,Utilities - 55,Bolsa De Madrid,EUR,Spain,,Gas Utilities - 55102010,World Large Blend Equity,International Equities - Unhedged,IEQStock
0.0010757570627238462,ENAGAS SA,Growth,International Shares,Global Shares,Global Shares,Utilities - 55,Bolsa De Madrid,EUR,Spain,,Gas Utilities - 55102010,World Large Blend Equity,International Equities - Unhedged,IEQStock
0.0008821014385036518,GRIFOLS SA CLASS A,Growth,International Shares,Global Shares,Global Shares,Health Care - 35,Bolsa De Madrid,EUR,Spain,,Biotechnology - 35201010,World Large Blend Equity,International Equities - Unhedged,IEQStock
0.022523334383895463,IBERDROLA SA,Growth,International Shares,Global Shares,Global Shares,Utilities - 55,Bolsa De Madrid,EUR,Spain,,Electric Utilities - 55101010,World Large Blend Equity,International Equities - Unhedged,IEQStock
0.0247318293635806,BANCO BILBAO VIZCAYA ARGENTARIA SA,Growth,International Shares,Global Shares,Global Shares,Financials - 40,Bolsa De Madrid,EUR,Spain,,Diversified Banks - 40101010,World Large Blend Equity,International Equities - Unhedged,IEQStock
0.01023921559248081,INDUSTRIA DE DISENO TEXTIL INDITEX,Growth,International Shares,Global Shares,Global Shares,Consumer Discretionary - 25,Bolsa De Madrid,EUR,Spain,,Apparel Retail - 25504010,World Large Blend Equity,International Equities - Unhedged,IEQStock
0.006627388775530413,AMADEUS IT GROUP SA,Growth,International Shares,Global Shares,Global Shares,Consumer Discretionary - 25,Bolsa De Madrid,EUR,Spain,,"Hotels, Resorts & Cruise Lines - 25301020",World Large Blend Equity,International Equities - Unhedged,IEQStock
0.0011360586889767401,ACCIONA SA,Growth,International Shares,Global Shares,Global Shares,Utilities - 55,Bolsa De Madrid,EUR,Spain,,Electric Utilities - 55101010,World Large Blend Equity,International Equities - Unhedged,IEQStock
0.004381938319185884,CBOE GLOBAL MARKETS INC,Growth,International Shares,Global Shares,Global Shares,Financials - 40,Cboe BZX formerly known as BATS,USD,United States,,Unknown,World Large Blend Equity,International Equities - Unhedged,IEQStock
0.01015390928603326,DEUTSCHE BANK AG,Growth,International Shares,Global Shares,Global Shares,Financials - 40,Deutsche Boerse Markets,EUR,Germany,,Diversified Capital Markets - 40203030,World Large Blend Equity,International Equities - Unhedged,IEQStock
0.004461115617063497,VONOVIA SE,Growth,International Shares,Global Shares,Global Shares,Real Estate - 60,Deutsche Boerse Markets,EUR,Germany,,Real Estate Operating Companies - 60201020,World Large Blend Equity,International Equities - Unhedged,IEQStock
0.0031493104382535803,DAIMLER TRUCK HOLDING E AG,Growth,International Shares,Global Shares,Global Shares,Industrials - 20,Deutsche Boerse Markets,EUR,Germany,,Construction Machinery & Heavy Transportation Equipment - 20106010,World Large Blend Equity,International Equities - Unhedged,IEQStock
0.0021653712752771163,SYMRISE AG,Growth,International Shares,Global Shares,Global Shares,Materials - 15,Deutsche Boerse Markets,EUR,Germany,,Specialty Chemicals - 15101050,World Large Blend Equity,International Equities - Unhedged,IEQStock
0.0035065210261180525,HANNOVER RUECK,Growth,International Shares,Global Shares,Global Shares,Financials - 40,Deutsche Boerse Markets,EUR,Germany,,Reinsurance - 40301050,World Large Blend Equity,International Equities - Unhedged,IEQStock
0.0025110401436916614,BEIERSDORF AG,Growth,International Shares,Global Shares,Global Shares,Consumer Staples - 30,Deutsche Boerse Markets,EUR,Germany,,Personal Care Products - 30302010,World Large Blend Equity,International Equities - Unhedged,IEQStock
0.008266380246780067,RHEINMETALL AG,Growth,International Shares,Global Shares,Global Shares,Industrials - 20,Deutsche Boerse Markets,EUR,Germany,,Aerospace & Defense - 20101010,World Large Blend Equity,International Equities - Unhedged,IEQStock
0.002420385707393574,HENKEL & KGAA PREF AG,Growth,International Shares,Global Shares,Global Shares,Consumer Staples - 30,Deutsche Boerse Markets,EUR,Germany,,Household Products - 30301010,World Large Blend Equity,International Equities - Unhedged,IEQStock
0.005920153431976034,COMMERZBANK AG,Growth,International Shares,Global Shares,Global Shares,Financials - 40,Deutsche Boerse Markets,EUR,Germany,,Diversified Banks - 40101010,World Large Blend Equity,International Equities - Unhedged,IEQStock
0.002337094063447403,BRENNTAG,Growth,International Shares,Global Shares,Global Shares,Industrials - 20,Deutsche Boerse Markets,EUR,Germany,,Trading Companies & Distributors - 20107010,World Large Blend Equity,International Equities - Unhedged,IEQStock
0.003722017108508106,FRESENIUS SE AND CO KGAA,Growth,International Shares,Global Shares,Global Shares,Health Care - 35,Deutsche Boerse Markets,EUR,Germany,,Health Care Services - 35102015,World Large Blend Equity,International Equities - Unhedged,IEQStock
0.0031205996956544333,MTU AERO ENGINES HOLDING AG,Growth,International Shares,Global Shares,Global Shares,Industrials - 20,Deutsche Boerse Markets,EUR,Germany,,Aerospace & Defense - 20101010,World Large Blend Equity,International Equities - Unhedged,IEQStock
0.0053780044500825125,HEIDELBERG MATERIALS AG,Growth,International Shares,Global Shares,Global Shares,Materials - 15,Deutsche Boerse Markets,EUR,Germany,,Construction Materials - 15102010,World Large Blend Equity,International Equities - Unhedged,IEQStock
0.0024924082727289733,COVESTRO AG,Growth,International Shares,Global Shares,Global Shares,Materials - 15,Deutsche Boerse Markets,EUR,Germany,,Specialty Chemicals - 15101050,World Large Blend Equity,International Equities - Unhedged,IEQStock
0.002520860486109312,SARTORIUS PREF AG,Growth,International Shares,Global Shares,Global Shares,Health Care - 35,Deutsche Boerse Markets,EUR,Germany,,Life Sciences Tools & Services - 35203010,World Large Blend Equity,International Equities - Unhedged,IEQStock
0.0017784890783902382,PORSCHE AUTOMOBIL HOLDING PREF,Growth,International Shares,Global Shares,Global Shares,Consumer Discretionary - 25,Deutsche Boerse Markets,EUR,Germany,,Automobile Manufacturers - 25102010,World Large Blend Equity,International Equities - Unhedged,IEQStock
0.0019315645388980403,CONTINENTAL AG,Growth,International Shares,Global Shares,Global Shares,Consumer Discretionary - 25,Deutsche Boerse Markets,EUR,Germany,,Automotive Parts & Equipment - 25101010,World Large Blend Equity,International Equities - Unhedged,IEQStock
0.0016463361144089116,FRESENIUS MEDICAL CARE AG,Growth,International Shares,Global Shares,Global Shares,Health Care - 35,Deutsche Boerse Markets,EUR,Germany,,Health Care Services - 35102015,World Large Blend Equity,International Equities - Unhedged,IEQStock
0.0014660597334633131,HENKEL AG,Growth,International Shares,Global Shares,Global Shares,Consumer Staples - 30,Deutsche Boerse Markets,EUR,Germany,,Household Products - 30301010,World Large Blend Equity,International Equities - Unhedged,IEQStock
0.000675898596144113,DELIVERY HERO,Growth,International Shares,Global Shares,Global Shares,Consumer Discretionary - 25,Deutsche Boerse Markets,EUR,Germany,,Restaurants - 25301040,World Large Blend Equity,International Equities - Unhedged,IEQStock
0.00045020410645881686,PUMA,Growth,International Shares,Global Shares,Global Shares,Consumer Discretionary - 25,Deutsche Boerse Markets,EUR,Germany,,Footwear - 25203020,World Large Blend Equity,International Equities - Unhedged,IEQStock
0.001821493675903986,GEA GROUP AG,Growth,International Shares,Global Shares,Global Shares,Industrials - 20,Deutsche Boerse Markets,EUR,Germany,,Industrial Machinery & Supplies & Components - 20106020,World Large Blend Equity,International Equities - Unhedged,IEQStock
0.0010547372843962338,LEG IMMOBILIEN N,Growth,International Shares,Global Shares,Global Shares,Real Estate - 60,Deutsche Boerse Markets,EUR,Germany,,Real Estate Operating Companies - 60201020,World Large Blend Equity,International Equities - Unhedged,IEQStock
0.0017734542436367183,BMW PREF AG,Growth,International Shares,Global Shares,Global Shares,Consumer Discretionary - 25,Deutsche Boerse Markets,EUR,Germany,,Automobile Manufacturers - 25102010,World Large Blend Equity,International Equities - Unhedged,IEQStock
0.0007108068469195328,ZALANDO,Growth,International Shares,Global Shares,Global Shares,Consumer Discretionary - 25,Deutsche Boerse Markets,EUR,Germany,,Apparel Retail - 25504010,World Large Blend Equity,International Equities - Unhedged,IEQStock
0.0038935120185013545,SIEMENS ENERGY N AG,Growth,International Shares,Global Shares,Global Shares,Industrials - 20,Deutsche Boerse Markets,EUR,Germany,,Heavy Electrical Equipment - 20104020,World Large Blend Equity,International Equities - Unhedged,IEQStock
0.0002182754299546157,HELLOFRESH,Growth,International Shares,Global Shares,Global Shares,Consumer Staples - 30,Deutsche Boerse Markets,EUR,Germany,,Food Retail - 30101030,World Large Blend Equity,International Equities - Unhedged,IEQStock
0.001096899383268982,VOLKSWAGEN AG,Growth,International Shares,Global Shares,Global Shares,Consumer Discretionary - 25,Deutsche Boerse Markets,EUR,Germany,,Automobile Manufacturers - 25102010,World Large Blend Equity,International Equities - Unhedged,IEQStock
0.03520910364332006,SAP,Growth,International Shares,Global Shares,Global Shares,Information Technology - 45,Deutsche Boerse Markets,EUR,Germany,,Application Software - 45103010,World Large Blend Equity,International Equities - Unhedged,IEQStock
0.03722426214953149,SIEMENS N AG,Growth,International Shares,Global Shares,Global Shares,Industrials - 20,Deutsche Boerse Markets,EUR,Germany,,Industrial Conglomerates - 20105010,World Large Blend Equity,International Equities - Unhedged,IEQStock
0.03026893598850885,ALLIANZ,Growth,International Shares,Global Shares,Global Shares,Financials - 40,Deutsche Boerse Markets,EUR,Germany,,Multi-line Insurance - 40301030,World Large Blend Equity,International Equities - Unhedged,IEQStock
0.017931060012535298,DEUTSCHE TELEKOM N AG,Growth,International Shares,Global Shares,Global Shares,Communication Services - 50,Deutsche Boerse Markets,EUR,Germany,,Integrated Telecommunication Services - 50101020,World Large Blend Equity,International Equities - Unhedged,IEQStock
0.014407361533687638,MUENCHENER RUECKVERSICHERUNGS-GESE,Growth,International Shares,Global Shares,Global Shares,Financials - 40,Deutsche Boerse Markets,EUR,Germany,,Reinsurance - 40301050,World Large Blend Equity,International Equities - Unhedged,IEQStock
0.013158361789266479,MERCEDES-BENZ GROUP N AG,Growth,International Shares,Global Shares,Global Shares,Consumer Discretionary - 25,Deutsche Boerse Markets,EUR,Germany,,Automobile Manufacturers - 25102010,World Large Blend Equity,International Equities - Unhedged,IEQStock
0.010310827140523424,BAYER AG,Growth,International Shares,Global Shares,Global Shares,Health Care - 35,Deutsche Boerse Markets,EUR,Germany,,Pharmaceuticals - 35202010,World Large Blend Equity,International Equities - Unhedged,IEQStock
0.00982335134025483,BASF N,Growth,International Shares,Global Shares,Global Shares,Materials - 15,Deutsche Boerse Markets,EUR,Germany,,Diversified Chemicals - 15101020,World Large Blend Equity,International Equities - Unhedged,IEQStock
0.012183122450480836,INFINEON TECHNOLOGIES AG,Growth,International Shares,Global Shares,Global Shares,Information Technology - 45,Deutsche Boerse Markets,EUR,Germany,,Semiconductors - 45301020,World Large Blend Equity,International Equities - Unhedged,IEQStock
0.013731170870036514,DEUTSCHE POST AG,Growth,International Shares,Global Shares,Global Shares,Industrials - 20,Deutsche Boerse Markets,EUR,Germany,,Air Freight & Logistics - 20301010,World Large Blend Equity,International Equities - Unhedged,IEQStock
0.008843765723614106,DEUTSCHE BOERSE AG,Growth,International Shares,Global Shares,Global Shares,Financials - 40,Deutsche Boerse Markets,EUR,Germany,,Financial Exchanges & Data - 40203040,World Large Blend Equity,International Equities - Unhedged,IEQStock
0.0046608362130182825,ADIDAS N AG,Growth,International Shares,Global Shares,Global Shares,Consumer Discretionary - 25,Deutsche Boerse Markets,EUR,Germany,,"Apparel, Accessories & Luxury Goods - 25203010",World Large Blend Equity,International Equities - Unhedged,IEQStock
0.008039236037954063,BMW AG,Growth,International Shares,Global Shares,Global Shares,Consumer Discretionary - 25,Deutsche Boerse Markets,EUR,Germany,,Automobile Manufacturers - 25102010,World Large Blend Equity,International Equities - Unhedged,IEQStock
0.009306256582451242,E.ON N,Growth,International Shares,Global Shares,Global Shares,Utilities - 55,Deutsche Boerse Markets,EUR,Germany,,Multi-Utilities - 55103010,World Large Blend Equity,International Equities - Unhedged,IEQStock
0.007853134949238817,RWE AG,Growth,International Shares,Global Shares,Global Shares,Utilities - 55,Deutsche Boerse Markets,EUR,Germany,,Independent Power Producers & Traders - 55105010,World Large Blend Equity,International Equities - Unhedged,IEQStock
0.006410687457583903,VOLKSWAGEN NON-VOTING PREF AG,Growth,International Shares,Global Shares,Global Shares,Consumer Discretionary - 25,Deutsche Boerse Markets,EUR,Germany,,Automobile Manufacturers - 25102010,World Large Blend Equity,International Equities - Unhedged,IEQStock
0.0016351237967468658,DR ING HC F PORSCHE PRF AG,Growth,International Shares,Global Shares,Global Shares,Consumer Discretionary - 25,Deutsche Boerse Markets,EUR,Germany,,Automobile Manufacturers - 25102010,World Large Blend Equity,International Equities - Unhedged,IEQStock
0.0013504677928888034,SCOUT24 N,Growth,International Shares,Global Shares,Global Shares,Communication Services - 50,Deutsche Boerse Markets,EUR,Germany,,Interactive Media & Services - 50203010,World Large Blend Equity,International Equities - Unhedged,IEQStock
0.0015488892865076443,DEUTSCHE LUFTHANSA AG,Growth,International Shares,Global Shares,Global Shares,Industrials - 20,Deutsche Boerse Markets,EUR,Germany,,Passenger Airlines - 20302010,World Large Blend Equity,International Equities - Unhedged,IEQStock
0.0013221810815105504,KNORR BREMSE AG,Growth,International Shares,Global Shares,Global Shares,Industrials - 20,Deutsche Boerse Markets,EUR,Germany,,Construction Machinery & Heavy Transportation Equipment - 20106010,World Large Blend Equity,International Equities - Unhedged,IEQStock
0.0007115277547392942,EVONIK INDUSTRIES AG,Growth,International Shares,Global Shares,Global Shares,Materials - 15,Deutsche Boerse Markets,EUR,Germany,,Specialty Chemicals - 15101050,World Large Blend Equity,International Equities - Unhedged,IEQStock
0.0013452480295330044,BECHTLE AG,Growth,International Shares,Global Shares,Global Shares,Information Technology - 45,Deutsche Boerse Markets,EUR,Germany,,IT Consulting & Other Services - 45102010,World Large Blend Equity,International Equities - Unhedged,IEQStock
0.000964838618288411,CARL ZEISS MEDITEC AG,Growth,International Shares,Global Shares,Global Shares,Health Care - 35,Deutsche Boerse Markets,EUR,Germany,,Health Care Equipment - 35101010,World Large Blend Equity,International Equities - Unhedged,IEQStock
0.0007171554566032805,RATIONAL AG,Growth,International Shares,Global Shares,Global Shares,Industrials - 20,Deutsche Boerse Markets,EUR,Germany,,Industrial Machinery & Supplies & Components - 20106020,World Large Blend Equity,International Equities - Unhedged,IEQStock
0.00042001591082524035,WACKER CHEMIE AG,Growth,International Shares,Global Shares,Global Shares,Materials - 15,Deutsche Boerse Markets,EUR,Germany,,Specialty Chemicals - 15101050,World Large Blend Equity,International Equities - Unhedged,IEQStock
0.0021541141099246154,QIAGEN NV,Growth,International Shares,Global Shares,Global Shares,Health Care - 35,Deutsche Boerse Xetra,EUR,Germany,,Unknown,World Large Blend Equity,International Equities - Unhedged,IEQStock
0.005760873632934004,ADYEN NV,Growth,International Shares,Global Shares,Global Shares,Financials - 40,Euronext Amsterdam,EUR,Netherlands,,Transaction & Payment Processing Services - 40201060,World Large Blend Equity,International Equities - Unhedged,IEQStock
0.005018034297750404,ASM INTERNATIONAL NV,Growth,International Shares,Global Shares,Global Shares,Information Technology - 45,Euronext Amsterdam,EUR,Netherlands,,Semiconductor Materials & Equipment - 45301010,World Large Blend Equity,International Equities - Unhedged,IEQStock
0.003240481121666317,DSM FIRMENICH AG,Growth,International Shares,Global Shares,Global Shares,Materials - 15,Euronext Amsterdam,EUR,Netherlands,,Specialty Chemicals - 15101050,World Large Blend Equity,International Equities - Unhedged,IEQStock
0.0038008243964110363,KONINKLIJKE PHILIPS NV,Growth,International Shares,Global Shares,Global Shares,Health Care - 35,Euronext Amsterdam,EUR,Netherlands,,Health Care Equipment - 35101010,World Large Blend Equity,International Equities - Unhedged,IEQStock
0.002860564394817795,AKZO NOBEL NV,Growth,International Shares,Global Shares,Global Shares,Materials - 15,Euronext Amsterdam,EUR,Netherlands,,Specialty Chemicals - 15101050,World Large Blend Equity,International Equities - Unhedged,IEQStock
0.0028276809530682957,KONINKLIJKE KPN NV,Growth,International Shares,Global Shares,Global Shares,Communication Services - 50,Euronext Amsterdam,EUR,Netherlands,,Integrated Telecommunication Services - 50101020,World Large Blend Equity,International Equities - Unhedged,IEQStock
0.005199053304191711,ARCELORMITTAL SA,Growth,International Shares,Global Shares,Global Shares,Materials - 15,Euronext Amsterdam,EUR,France,,Steel - 15104050,World Large Blend Equity,International Equities - Unhedged,IEQStock
0.0036540363616832145,NN GROUP NV,Growth,International Shares,Global Shares,Global Shares,Financials - 40,Euronext Amsterdam,EUR,Netherlands,,Life & Health Insurance - 40301020,World Large Blend Equity,International Equities - Unhedged,IEQStock
0.0026104176066430933,BE SEMICONDUCTOR INDUSTRIES NV,Growth,International Shares,Global Shares,Global Shares,Information Technology - 45,Euronext Amsterdam,EUR,Netherlands,,Semiconductor Materials & Equipment - 45301010,World Large Blend Equity,International Equities - Unhedged,IEQStock
0.001735889415862303,EXOR NV,Growth,International Shares,Global Shares,Global Shares,Financials - 40,Euronext Amsterdam,EUR,Netherlands,,Multi-Sector Holdings - 40201030,World Large Blend Equity,International Equities - Unhedged,IEQStock
0.0025880080945141493,HEINEKEN HOLDING NV,Growth,International Shares,Global Shares,Global Shares,Consumer Staples - 30,Euronext Amsterdam,EUR,Netherlands,,Brewers - 30201010,World Large Blend Equity,International Equities - Unhedged,IEQStock
0.00107383402042529,IMCD NV,Growth,International Shares,Global Shares,Global Shares,Industrials - 20,Euronext Amsterdam,EUR,Netherlands,,Trading Companies & Distributors - 20107010,World Large Blend Equity,International Equities - Unhedged,IEQStock
0.0026960819680596397,AEGON LTD,Growth,International Shares,Global Shares,Global Shares,Financials - 40,Euronext Amsterdam,EUR,Netherlands,,Life & Health Insurance - 40301020,World Large Blend Equity,International Equities - Unhedged,IEQStock
0.001181396969356112,RANDSTAD HOLDING,Growth,International Shares,Global Shares,Global Shares,Industrials - 20,Euronext Amsterdam,EUR,Netherlands,,Human Resource & Employment Services - 20202010,World Large Blend Equity,International Equities - Unhedged,IEQStock
0.003082578681858939,ABN AMRO BANK NV,Growth,International Shares,Global Shares,Global Shares,Financials - 40,Euronext Amsterdam,EUR,Netherlands,,Diversified Banks - 40101010,World Large Blend Equity,International Equities - Unhedged,IEQStock
0.10473458176645314,ASML HOLDING NV,Growth,International Shares,Global Shares,Global Shares,Information Technology - 45,Euronext Amsterdam,EUR,Netherlands,,Semiconductor Materials & Equipment - 45301010,World Large Blend Equity,International Equities - Unhedged,IEQStock
0.017439620697284115,ING GROEP NV,Growth,International Shares,Global Shares,Global Shares,Financials - 40,Euronext Amsterdam,EUR,Netherlands,,Diversified Banks - 40101010,World Large Blend Equity,International Equities - Unhedged,IEQStock
0.013977149149915397,PROSUS NV,Growth,International Shares,Global Shares,Global Shares,Consumer Discretionary - 25,Euronext Amsterdam,EUR,Netherlands,,Broadline Retail - 25503030,World Large Blend Equity,International Equities - Unhedged,IEQStock
0.004755873348450341,WOLTERS KLUWER NV,Growth,International Shares,Global Shares,Global Shares,Industrials - 20,Euronext Amsterdam,EUR,Netherlands,,Research & Consulting Services - 20202020,World Large Blend Equity,International Equities - Unhedged,IEQStock
0.0068772335485053245,KONINKLIJKE AHOLD DELHAIZE NV,Growth,International Shares,Global Shares,Global Shares,Consumer Staples - 30,Euronext Amsterdam,EUR,Netherlands,,Food Retail - 30101030,World Large Blend Equity,International Equities - Unhedged,IEQStock
0.006717103716173115,HEINEKEN NV,Growth,International Shares,Global Shares,Global Shares,Consumer Staples - 30,Euronext Amsterdam,EUR,Netherlands,,Brewers - 30201010,World Large Blend Equity,International Equities - Unhedged,IEQStock
0.0021214997145002205,ASR NEDERLAND NV,Growth,International Shares,Global Shares,Global Shares,Financials - 40,Euronext Amsterdam,EUR,Netherlands,,Multi-line Insurance - 40301030,World Large Blend Equity,International Equities - Unhedged,IEQStock
0.0011109748178321731,JDE PEETS NV,Growth,International Shares,Global Shares,Global Shares,Consumer Staples - 30,Euronext Amsterdam,EUR,Netherlands,,Packaged Foods & Meats - 30202030,World Large Blend Equity,International Equities - Unhedged,IEQStock
0.0003667568001732571,OCI NV,Growth,International Shares,Global Shares,Global Shares,Materials - 15,Euronext Amsterdam,EUR,Netherlands,,Fertilizers & Agricultural Chemicals - 15101030,World Large Blend Equity,International Equities - Unhedged,IEQStock
0.005262886634728732,KBC GROEP,Growth,International Shares,Global Shares,Global Shares,Financials - 40,Euronext Brussels,EUR,Belgium,,Diversified Banks - 40101010,World Large Blend Equity,International Equities - Unhedged,IEQStock
0.0034237711660959824,UCB SA,Growth,International Shares,Global Shares,Global Shares,Health Care - 35,Euronext Brussels,EUR,Belgium,,Pharmaceuticals - 35202010,World Large Blend Equity,International Equities - Unhedged,IEQStock
0.0019651440733509354,GROUPE BRUXELLES LAMBERT NV,Growth,International Shares,Global Shares,Global Shares,Financials - 40,Euronext Brussels,EUR,Belgium,,Multi-Sector Holdings - 40201030,World Large Blend Equity,International Equities - Unhedged,IEQStock
0.0018513965249163712,AGEAS SA,Growth,International Shares,Global Shares,Global Shares,Financials - 40,Euronext Brussels,EUR,Belgium,,Multi-line Insurance - 40301030,World Large Blend Equity,International Equities - Unhedged,IEQStock
0.001680699797886713,UMICORE SA,Growth,International Shares,Global Shares,Global Shares,Materials - 15,Euronext Brussels,EUR,Belgium,,Specialty Chemicals - 15101050,World Large Blend Equity,International Equities - Unhedged,IEQStock
0.01342317248353184,ANHEUSER-BUSCH INBEV SA,Growth,International Shares,Global Shares,Global Shares,Consumer Staples - 30,Euronext Brussels,EUR,Belgium,,Brewers - 30201010,World Large Blend Equity,International Equities - Unhedged,IEQStock
0.0013218013397869794,WAREHOUSES DE PAUW NV,Growth,International Shares,Global Shares,Global Shares,Real Estate - 60,Euronext Brussels,EUR,Belgium,,Industrial REITs - 60102510,World Large Blend Equity,International Equities - Unhedged,IEQStock
0.0008956149550325079,DIETEREN (D) SA,Growth,International Shares,Global Shares,Global Shares,Consumer Discretionary - 25,Euronext Brussels,EUR,Belgium,,Distributors - 25501010,World Large Blend Equity,International Equities - Unhedged,IEQStock
0.0005456603368013673,LOTUS BAKERIES NV,Growth,International Shares,Global Shares,Global Shares,Consumer Staples - 30,Euronext Brussels,EUR,Belgium,,Packaged Foods & Meats - 30202030,World Large Blend Equity,International Equities - Unhedged,IEQStock
0.0009467516207333107,SOFINA SA,Growth,International Shares,Global Shares,Global Shares,Financials - 40,Euronext Brussels,EUR,Belgium,,Multi-Sector Holdings - 40201030,World Large Blend Equity,International Equities - Unhedged,IEQStock
0.0010509069828742292,ELIA GROUP SA,Growth,International Shares,Global Shares,Global Shares,Utilities - 55,Euronext Brussels,EUR,Belgium,,Electric Utilities - 55101010,World Large Blend Equity,International Equities - Unhedged,IEQStock
0.0027338160685756304,KERRY GROUP PLC,Growth,International Shares,Global Shares,Global Shares,Consumer Staples - 30,Euronext Dublin,EUR,Ireland,,Packaged Foods & Meats - 30202030,World Large Blend Equity,International Equities - Unhedged,IEQStock
0.0030001080156380716,KINGSPAN GROUP PLC,Growth,International Shares,Global Shares,Global Shares,Industrials - 20,Euronext Dublin,EUR,Ireland,,Building Products - 20102010,World Large Blend Equity,International Equities - Unhedged,IEQStock
0.00219605261471961,SMURFIT KAPPA GROUP PLC,Growth,International Shares,Global Shares,Global Shares,Materials - 15,Euronext Dublin,EUR,Ireland,,Paper & Plastic Packaging Products & Materials - 15103020,World Large Blend Equity,International Equities - Unhedged,IEQStock
0.003959397326519014,BANK OF IRELAND GROUP PLC,Growth,International Shares,Global Shares,Global Shares,Financials - 40,Euronext Dublin,EUR,Ireland,,Diversified Banks - 40101010,World Large Blend Equity,International Equities - Unhedged,IEQStock
0.008194529664185199,FLUTTER ENTERTAINMENT PLC,Growth,International Shares,Global Shares,Global Shares,Consumer Discretionary - 25,Euronext Dublin,EUR,Ireland,,Casinos & Gaming - 25301010,World Large Blend Equity,International Equities - Unhedged,IEQStock
0.0025976050356093386,AIB GROUP PLC,Growth,International Shares,Global Shares,Global Shares,Financials - 40,Euronext Dublin,EUR,Ireland,,Diversified Banks - 40101010,World Large Blend Equity,International Equities - Unhedged,IEQStock
0.003923160194351767,EDP ENERGIAS DE PORTUGAL SA,Growth,International Shares,Global Shares,Global Shares,Utilities - 55,Euronext Lisbon,EUR,Portugal,,Electric Utilities - 55101010,World Large Blend Equity,International Equities - Unhedged,IEQStock
0.0015768905355519522,JERONIMO MARTINS SA,Growth,International Shares,Global Shares,Global Shares,Consumer Staples - 30,Euronext Lisbon,EUR,Portugal,,Food Retail - 30101030,World Large Blend Equity,International Equities - Unhedged,IEQStock
0.001790388911712684,GALP ENERGIA SGPS SA,Growth,International Shares,Global Shares,Global Shares,Energy - 10,Euronext Lisbon,EUR,Portugal,,Integrated Oil & Gas - 10102010,World Large Blend Equity,International Equities - Unhedged,IEQStock
0.0012616778668621041,EDP RENOVAVEIS SA,Growth,International Shares,Global Shares,Global Shares,Utilities - 55,Euronext Lisbon,EUR,Portugal,,Renewable Electricity - 55105020,World Large Blend Equity,International Equities - Unhedged,IEQStock
0.006371562017947776,ASSICURAZIONI GENERALI,Growth,International Shares,Global Shares,Global Shares,Financials - 40,Euronext Milan,EUR,Italy,,Multi-line Insurance - 40301030,World Large Blend Equity,International Equities - Unhedged,IEQStock
0.0032874508863346154,MONCLER,Growth,International Shares,Global Shares,Global Shares,Consumer Discretionary - 25,Euronext Milan,EUR,Italy,,"Apparel, Accessories & Luxury Goods - 25203010",World Large Blend Equity,International Equities - Unhedged,IEQStock
0.003184479095852417,TERNA RETE ELETTRICA NAZIONALE,Growth,International Shares,Global Shares,Global Shares,Utilities - 55,Euronext Milan,EUR,Italy,,Electric Utilities - 55101010,World Large Blend Equity,International Equities - Unhedged,IEQStock
0.0036961690103071215,PRYSMIAN,Growth,International Shares,Global Shares,Global Shares,Industrials - 20,Euronext Milan,EUR,Italy,,Electrical Components & Equipment - 20104010,World Large Blend Equity,International Equities - Unhedged,IEQStock
0.0029509736321016006,SNAM,Growth,International Shares,Global Shares,Global Shares,Utilities - 55,Euronext Milan,EUR,Italy,,Gas Utilities - 55102010,World Large Blend Equity,International Equities - Unhedged,IEQStock
0.0023347550652705533,BANCO BPM,Growth,International Shares,Global Shares,Global Shares,Financials - 40,Euronext Milan,EUR,Italy,,Diversified Banks - 40101010,World Large Blend Equity,International Equities - Unhedged,IEQStock
0.0019873420192438036,MEDIOBANCA BANCA DI CREDITO FINANZ,Growth,International Shares,Global Shares,Global Shares,Financials - 40,Euronext Milan,EUR,Italy,,Diversified Banks - 40101010,World Large Blend Equity,International Equities - Unhedged,IEQStock
0.0016367079784981,TENARIS SA,Growth,International Shares,Global Shares,Global Shares,Energy - 10,Euronext Milan,EUR,Italy,,Oil & Gas Equipment & Services - 10101020,World Large Blend Equity,International Equities - Unhedged,IEQStock
0.0025598065278505154,FINECOBANK BANCA FINECO,Growth,International Shares,Global Shares,Global Shares,Financials - 40,Euronext Milan,EUR,Italy,,Diversified Banks - 40101010,World Large Blend Equity,International Equities - Unhedged,IEQStock
0.0007966333742911512,NEXI,Growth,International Shares,Global Shares,Global Shares,Financials - 40,Euronext Milan,EUR,Italy,,Transaction & Payment Processing Services - 40201060,World Large Blend Equity,International Equities - Unhedged,IEQStock
0.001396626729909598,TELECOM ITALIA,Growth,International Shares,Global Shares,Global Shares,Communication Services - 50,Euronext Milan,EUR,Italy,,Integrated Telecommunication Services - 50101020,World Large Blend Equity,International Equities - Unhedged,IEQStock
0.016234888011902565,ENEL,Growth,International Shares,Global Shares,Global Shares,Utilities - 55,Euronext Milan,EUR,Italy,,Electric Utilities - 55101010,World Large Blend Equity,International Equities - Unhedged,IEQStock
0.01767684893736292,UNICREDIT,Growth,International Shares,Global Shares,Global Shares,Financials - 40,Euronext Milan,EUR,Italy,,Diversified Banks - 40101010,World Large Blend Equity,International Equities - Unhedged,IEQStock
0.00504811724003465,STELLANTIS NV,Growth,International Shares,Global Shares,Global Shares,Consumer Discretionary - 25,Euronext Milan,EUR,Italy,,Automobile Manufacturers - 25102010,World Large Blend Equity,International Equities - Unhedged,IEQStock
0.015657226020966118,INTESA SANPAOLO,Growth,International Shares,Global Shares,Global Shares,Financials - 40,Euronext Milan,EUR,Italy,,Diversified Banks - 40101010,World Large Blend Equity,International Equities - Unhedged,IEQStock
0.008135213853704451,FERRARI NV,Growth,International Shares,Global Shares,Global Shares,Consumer Discretionary - 25,Euronext Milan,EUR,Italy,,Automobile Manufacturers - 25102010,World Large Blend Equity,International Equities - Unhedged,IEQStock
0.01052174008133027,ENI,Growth,International Shares,Global Shares,Global Shares,Energy - 10,Euronext Milan,EUR,Italy,,Integrated Oil & Gas - 10102010,World Large Blend Equity,International Equities - Unhedged,IEQStock
0.0013874166461359252,DAVIDE CAMPARI MILANO NV,Growth,International Shares,Global Shares,Global Shares,Consumer Staples - 30,Euronext Milan,EUR,Italy,,Distillers & Vintners - 30201020,World Large Blend Equity,International Equities - Unhedged,IEQStock
0.001876937039587509,POSTE ITALIANE,Growth,International Shares,Global Shares,Global Shares,Financials - 40,Euronext Milan,EUR,Italy,,Life & Health Insurance - 40301020,World Large Blend Equity,International Equities - Unhedged,IEQStock
0.0013333696846987162,RECORDATI INDUSTRIA CHIMICA E FARM,Growth,International Shares,Global Shares,Global Shares,Health Care - 35,Euronext Milan,EUR,Italy,,Pharmaceuticals - 35202010,World Large Blend Equity,International Equities - Unhedged,IEQStock
0.0007310101699035108,INFRASTRUTTURE WIRELESS ITALIANE,Growth,International Shares,Global Shares,Global Shares,Communication Services - 50,Euronext Milan,EUR,Italy,,Integrated Telecommunication Services - 50101020,World Large Blend Equity,International Equities - Unhedged,IEQStock
0.0003209640771751766,DIASORIN,Growth,International Shares,Global Shares,Global Shares,Health Care - 35,Euronext Milan,EUR,Italy,,Health Care Equipment - 35101010,World Large Blend Equity,International Equities - Unhedged,IEQStock
0.004749734363020369,DNB BANK,Growth,International Shares,Global Shares,Global Shares,Financials - 40,Euronext Oslo Bors,NOK,Norway,,Diversified Banks - 40101010,World Large Blend Equity,International Equities - Unhedged,IEQStock
0.002153116679622356,AKER BP,Growth,International Shares,Global Shares,Global Shares,Energy - 10,Euronext Oslo Bors,NOK,Norway,,Oil & Gas Exploration & Production - 10102020,World Large Blend Equity,International Equities - Unhedged,IEQStock
0.0020944485387948894,NORSK HYDRO,Growth,International Shares,Global Shares,Global Shares,Materials - 15,Euronext Oslo Bors,NOK,Norway,,Aluminum - 15104010,World Large Blend Equity,International Equities - Unhedged,IEQStock
0.0021245631826224964,MOWI,Growth,International Shares,Global Shares,Global Shares,Consumer Staples - 30,Euronext Oslo Bors,NOK,Norway,,Packaged Foods & Meats - 30202030,World Large Blend Equity,International Equities - Unhedged,IEQStock
0.0013658497042518345,ORKLA,Growth,International Shares,Global Shares,Global Shares,Consumer Staples - 30,Euronext Oslo Bors,NOK,Norway,,Packaged Foods & Meats - 30202030,World Large Blend Equity,International Equities - Unhedged,IEQStock
0.0015876565763639863,YARA INTERNATIONAL,Growth,International Shares,Global Shares,Global Shares,Materials - 15,Euronext Oslo Bors,NOK,Norway,,Fertilizers & Agricultural Chemicals - 15101030,World Large Blend Equity,International Equities - Unhedged,IEQStock
0.00518138059203063,EQUINOR,Growth,International Shares,Global Shares,Global Shares,Energy - 10,Euronext Oslo Bors,NOK,Norway,,Integrated Oil & Gas - 10102010,World Large Blend Equity,International Equities - Unhedged,IEQStock
0.00018801138928726738,KONGSBERG GRUPPEN,Growth,International Shares,Global Shares,Global Shares,Industrials - 20,Euronext Oslo Bors,NOK,Norway,,Aerospace & Defense - 20101010,World Large Blend Equity,International Equities - Unhedged,IEQStock
0.0009240860853869301,SALMAR,Growth,International Shares,Global Shares,Global Shares,Consumer Staples - 30,Euronext Oslo Bors,NOK,Norway,,Packaged Foods & Meats - 30202030,World Large Blend Equity,International Equities - Unhedged,IEQStock
0.0010331705246392976,GJENSIDIGE FORSIKRING,Growth,International Shares,Global Shares,Global Shares,Financials - 40,Euronext Oslo Bors,NOK,Norway,,Multi-line Insurance - 40301030,World Large Blend Equity,International Equities - Unhedged,IEQStock
0.0008654582353148442,ADEVINTA,Growth,International Shares,Global Shares,Global Shares,Communication Services - 50,Euronext Oslo Bors,NOK,Norway,,Interactive Media & Services - 50203010,World Large Blend Equity,International Equities - Unhedged,IEQStock
0.004513476717015357,MICHELIN,Growth,International Shares,Global Shares,Global Shares,Consumer Discretionary - 25,Euronext Paris,EUR,France,,Tires & Rubber - 25101020,World Large Blend Equity,International Equities - Unhedged,IEQStock
0.004268049429544932,PUBLICIS GROUPE SA,Growth,International Shares,Global Shares,Global Shares,Communication Services - 50,Euronext Paris,EUR,France,,Advertising - 50201010,World Large Blend Equity,International Equities - Unhedged,IEQStock
0.005448293819799338,VEOLIA ENVIRON. SA,Growth,International Shares,Global Shares,Global Shares,Utilities - 55,Euronext Paris,EUR,France,,Multi-Utilities - 55103010,World Large Blend Equity,International Equities - Unhedged,IEQStock
0.009387321420089113,SOCIETE GENERALE SA,Growth,International Shares,Global Shares,Global Shares,Financials - 40,Euronext Paris,EUR,France,,Diversified Banks - 40101010,World Large Blend Equity,International Equities - Unhedged,IEQStock
0.004307935605615069,CREDIT AGRICOLE SA,Growth,International Shares,Global Shares,Global Shares,Financials - 40,Euronext Paris,EUR,France,,Diversified Banks - 40101010,World Large Blend Equity,International Equities - Unhedged,IEQStock
0.005629885305851078,THALES SA,Growth,International Shares,Global Shares,Global Shares,Industrials - 20,Euronext Paris,EUR,France,,Aerospace & Defense - 20101010,World Large Blend Equity,International Equities - Unhedged,IEQStock
0.001993097470011735,EDENRED,Growth,International Shares,Global Shares,Global Shares,Financials - 40,Euronext Paris,EUR,France,,Transaction & Payment Processing Services - 40201060,World Large Blend Equity,International Equities - Unhedged,IEQStock
0.002164022029529332,CARREFOUR SA,Growth,International Shares,Global Shares,Global Shares,Consumer Staples - 30,Euronext Paris,EUR,France,,Consumer Staples Merchandise Retail - 30101040,World Large Blend Equity,International Equities - Unhedged,IEQStock
0.0004474319172785689,SODEXO SA,Growth,International Shares,Global Shares,Global Shares,Consumer Discretionary - 25,Euronext Paris,EUR,France,,Restaurants - 25301040,World Large Blend Equity,International Equities - Unhedged,IEQStock
0.0014962996047114992,TELEPERFORMANCE,Growth,International Shares,Global Shares,Global Shares,Industrials - 20,Euronext Paris,EUR,France,,Data Processing & Outsourced Services - 20202030,World Large Blend Equity,International Equities - Unhedged,IEQStock
0.002126919033156273,EURONEXT NV,Growth,International Shares,Global Shares,Global Shares,Financials - 40,Euronext Paris,EUR,France,,Financial Exchanges & Data - 40203040,World Large Blend Equity,International Equities - Unhedged,IEQStock
0.0012280765937679409,RENAULT SA,Growth,International Shares,Global Shares,Global Shares,Consumer Discretionary - 25,Euronext Paris,EUR,France,,Automobile Manufacturers - 25102010,World Large Blend Equity,International Equities - Unhedged,IEQStock
0.0023170462871076694,EIFFAGE SA,Growth,International Shares,Global Shares,Global Shares,Industrials - 20,Euronext Paris,EUR,France,,Construction & Engineering - 20103010,World Large Blend Equity,International Equities - Unhedged,IEQStock
0.0021506159484748974,EUROFINS SCIENTIFIC,Growth,International Shares,Global Shares,Global Shares,Health Care - 35,Euronext Paris,EUR,France,,Life Sciences Tools & Services - 35203010,World Large Blend Equity,International Equities - Unhedged,IEQStock
0.002375402041353891,BOUYGUES SA,Growth,International Shares,Global Shares,Global Shares,Industrials - 20,Euronext Paris,EUR,France,,Construction & Engineering - 20103010,World Large Blend Equity,International Equities - Unhedged,IEQStock
0.0016246958218735592,BUREAU VERITAS SA,Growth,International Shares,Global Shares,Global Shares,Industrials - 20,Euronext Paris,EUR,France,,Research & Consulting Services - 20202020,World Large Blend Equity,International Equities - Unhedged,IEQStock
0.001728826892596995,VIVENDI,Growth,International Shares,Global Shares,Global Shares,Communication Services - 50,Euronext Paris,EUR,France,,Broadcasting - 50201020,World Large Blend Equity,International Equities - Unhedged,IEQStock
0.0010249625290176955,GECINA SA,Growth,International Shares,Global Shares,Global Shares,Real Estate - 60,Euronext Paris,EUR,France,,Office REITs - 60104010,World Large Blend Equity,International Equities - Unhedged,IEQStock
0.001644928919402296,ACCOR SA,Growth,International Shares,Global Shares,Global Shares,Consumer Discretionary - 25,Euronext Paris,EUR,France,,"Hotels, Resorts & Cruise Lines - 25301020",World Large Blend Equity,International Equities - Unhedged,IEQStock
0.0013559922682812799,GETLINK,Growth,International Shares,Global Shares,Global Shares,Industrials - 20,Euronext Paris,EUR,France,,Highways & Railtracks - 20305020,World Large Blend Equity,International Equities - Unhedged,IEQStock
0.0018736088135810564,SARTORIUS STEDIM BIOTECH SA,Growth,International Shares,Global Shares,Global Shares,Health Care - 35,Euronext Paris,EUR,France,,Life Sciences Tools & Services - 35203010,World Large Blend Equity,International Equities - Unhedged,IEQStock
0.000870252857763861,ALSTOM SA,Growth,International Shares,Global Shares,Global Shares,Industrials - 20,Euronext Paris,EUR,France,,Construction Machinery & Heavy Transportation Equipment - 20106010,World Large Blend Equity,International Equities - Unhedged,IEQStock
0.00013371051953392867,WORLDLINE SA,Growth,International Shares,Global Shares,Global Shares,Financials - 40,Euronext Paris,EUR,France,,Transaction & Payment Processing Services - 40201060,World Large Blend Equity,International Equities - Unhedged,IEQStock
0.052002475082009086,LVMH,Growth,International Shares,Global Shares,Global Shares,Consumer Discretionary - 25,Euronext Paris,EUR,France,,"Apparel, Accessories & Luxury Goods - 25203010",World Large Blend Equity,International Equities - Unhedged,IEQStock
0.035846369109100995,TOTALENERGIES,Growth,International Shares,Global Shares,Global Shares,Energy - 10,Euronext Paris,EUR,France,,Integrated Oil & Gas - 10102010,World Large Blend Equity,International Equities - Unhedged,IEQStock
0.008489704646116732,LOREAL SA,Growth,International Shares,Global Shares,Global Shares,Consumer Staples - 30,Euronext Paris,EUR,France,,Personal Care Products - 30302010,World Large Blend Equity,International Equities - Unhedged,IEQStock
0.006777304359052826,LAIR LIQUIDE SOCIETE ANONYME POUR,Growth,International Shares,Global Shares,Global Shares,Materials - 15,Euronext Paris,EUR,France,,Industrial Gases - 15101040,World Large Blend Equity,International Equities - Unhedged,IEQStock
0.028417001095943736,AIRBUS GROUP,Growth,International Shares,Global Shares,Global Shares,Industrials - 20,Euronext Paris,EUR,France,,Aerospace & Defense - 20101010,World Large Blend Equity,International Equities - Unhedged,IEQStock
0.019987195951120747,BNP PARIBAS SA,Growth,International Shares,Global Shares,Global Shares,Financials - 40,Euronext Paris,EUR,France,,Diversified Banks - 40101010,World Large Blend Equity,International Equities - Unhedged,IEQStock
0.023686041921260153,BANCO SANTANDER SA,Growth,International Shares,Global Shares,Global Shares,Health Care - 35,Euronext Paris,EUR,France,,Pharmaceuticals - 35202010,World Large Blend Equity,International Equities - Unhedged,IEQStock
0.01978594400012776,SAFRAN SA,Growth,International Shares,Global Shares,Global Shares,Industrials - 20,Euronext Paris,EUR,France,,Aerospace & Defense - 20101010,World Large Blend Equity,International Equities - Unhedged,IEQStock
0.01554977007424745,AXA SA,Growth,International Shares,Global Shares,Global Shares,Financials - 40,Euronext Paris,EUR,France,,Multi-line Insurance - 40301030,World Large Blend Equity,International Equities - Unhedged,IEQStock
0.02327595720668532,SUNCOR ENERGY INC,Growth,International Shares,Global Shares,Global Shares,Industrials - 20,Euronext Paris,EUR,France,,Electrical Components & Equipment - 20104010,World Large Blend Equity,International Equities - Unhedged,IEQStock
0.005423553198544667,PERNOD RICARD SA,Growth,International Shares,Global Shares,Global Shares,Consumer Staples - 30,Euronext Paris,EUR,France,,Distillers & Vintners - 30201020,World Large Blend Equity,International Equities - Unhedged,IEQStock
0.008563581038556195,KERING SA,Growth,International Shares,Global Shares,Global Shares,Consumer Discretionary - 25,Euronext Paris,EUR,France,,"Apparel, Accessories & Luxury Goods - 25203010",World Large Blend Equity,International Equities - Unhedged,IEQStock
0.006707345018421722,CAPGEMINI,Growth,International Shares,Global Shares,Global Shares,Information Technology - 45,Euronext Paris,EUR,France,,IT Consulting & Other Services - 45102010,World Large Blend Equity,International Equities - Unhedged,IEQStock
0.002606856219315597,ENGIE SA,Growth,International Shares,Global Shares,Global Shares,Utilities - 55,Euronext Paris,EUR,France,,Multi-Utilities - 55103010,World Large Blend Equity,International Equities - Unhedged,IEQStock
0.005632368887417069,DASSAULT SYSTEMES,Growth,International Shares,Global Shares,Global Shares,Information Technology - 45,Euronext Paris,EUR,France,,Application Software - 45103010,World Large Blend Equity,International Equities - Unhedged,IEQStock
0.017171302956779454,ESTEE LAUDER INC CLASS A,Growth,International Shares,Global Shares,Global Shares,Health Care - 35,Euronext Paris,EUR,France,,Health Care Supplies - 35101020,World Large Blend Equity,International Equities - Unhedged,IEQStock
0.005582491895880619,STMICROELECTRONICS NV,Growth,International Shares,Global Shares,Global Shares,Information Technology - 45,Euronext Paris,EUR,France,,Semiconductors - 45301020,World Large Blend Equity,International Equities - Unhedged,IEQStock
0.01782610071787669,DOLLAR GENERAL CORP,Growth,International Shares,Global Shares,Global Shares,Industrials - 20,Euronext Paris,EUR,France,,Construction & Engineering - 20103010,World Large Blend Equity,International Equities - Unhedged,IEQStock
0.007330479907773309,COMPAGNIE DE SAINT GOBAIN SA,Growth,International Shares,Global Shares,Global Shares,Industrials - 20,Euronext Paris,EUR,France,,Building Products - 20102010,World Large Blend Equity,International Equities - Unhedged,IEQStock
0.008138543952267164,LEGRAND SA,Growth,International Shares,Global Shares,Global Shares,Industrials - 20,Euronext Paris,EUR,France,,Electrical Components & Equipment - 20104010,World Large Blend Equity,International Equities - Unhedged,IEQStock
0.0015157692895889565,KLEPIERRE REIT SA,Growth,International Shares,Global Shares,Global Shares,Real Estate - 60,Euronext Paris,EUR,France,,Retail REITs - 60107010,World Large Blend Equity,International Equities - Unhedged,IEQStock
0.0011187642327003804,IPSEN SA,Growth,International Shares,Global Shares,Global Shares,Health Care - 35,Euronext Paris,EUR,France,,Pharmaceuticals - 35202010,World Large Blend Equity,International Equities - Unhedged,IEQStock
0.0010585877819459441,BIOMERIEUX SA,Growth,International Shares,Global Shares,Global Shares,Health Care - 35,Euronext Paris,EUR,France,,Health Care Equipment - 35101010,World Large Blend Equity,International Equities - Unhedged,IEQStock
0.0012154935613859052,DASSAULT AVIATION SA,Growth,International Shares,Global Shares,Global Shares,Industrials - 20,Euronext Paris,EUR,France,,Aerospace & Defense - 20101010,World Large Blend Equity,International Equities - Unhedged,IEQStock
0.0006287170044468003,LA FRANCAISE DES JEUX SA,Growth,International Shares,Global Shares,Global Shares,Consumer Discretionary - 25,Euronext Paris,EUR,France,,Casinos & Gaming - 25301010,World Large Blend Equity,International Equities - Unhedged,IEQStock
0.0010175818177034803,AMUNDI SA,Growth,International Shares,Global Shares,Global Shares,Financials - 40,Euronext Paris,EUR,France,,Asset Management & Custody Banks - 40203010,World Large Blend Equity,International Equities - Unhedged,IEQStock
0.00036938787405173577,REMY COINTREAU SA,Growth,International Shares,Global Shares,Global Shares,Consumer Staples - 30,Euronext Paris,EUR,France,,Distillers & Vintners - 30201020,World Large Blend Equity,International Equities - Unhedged,IEQStock
0.00012029488211741832,SEB SA,Growth,International Shares,Global Shares,Global Shares,Consumer Discretionary - 25,Euronext Paris,EUR,France,,Household Appliances - 25201040,World Large Blend Equity,International Equities - Unhedged,IEQStock
0.0006438595234650794,COVIVIO SA,Growth,International Shares,Global Shares,Global Shares,Real Estate - 60,Euronext Paris,EUR,France,,Diversified REITs - 60101010,World Large Blend Equity,International Equities - Unhedged,IEQStock
0.02872088039050354,AIA GROUP LTD,Growth,International Shares,Global Shares,Global Shares,Financials - 40,Hong Kong Exchange,HKD,Hong Kong,,Life & Health Insurance - 40301020,World Large Blend Equity,International Equities - Unhedged,IEQStock
0.003046260484654461,SUN HUNG KAI PROPERTIES LTD,Growth,International Shares,Global Shares,Global Shares,Real Estate - 60,Hong Kong Exchange,HKD,Hong Kong,,Unknown,World Large Blend Equity,International Equities - Unhedged,IEQStock
0.0031314083580261066,CK HUTCHISON HOLDINGS LTD,Growth,International Shares,Global Shares,Global Shares,Industrials - 20,Hong Kong Exchange,HKD,Hong Kong,,Unknown,World Large Blend Equity,International Equities - Unhedged,IEQStock
0.003273745101572752,TECHTRONIC INDUSTRIES LTD,Growth,International Shares,Global Shares,Global Shares,Industrials - 20,Hong Kong Exchange,HKD,Hong Kong,,Unknown,World Large Blend Equity,International Equities - Unhedged,IEQStock
0.0025620613838395387,GALAXY ENTERTAINMENT GROUP LTD,Growth,International Shares,Global Shares,Global Shares,Consumer Discretionary - 25,Hong Kong Exchange,HKD,Hong Kong,,Unknown,World Large Blend Equity,International Equities - Unhedged,IEQStock
0.002902652877326154,CLP HOLDINGS LTD,Growth,International Shares,Global Shares,Global Shares,Utilities - 55,Hong Kong Exchange,HKD,Hong Kong,,Unknown,World Large Blend Equity,International Equities - Unhedged,IEQStock
0.0029064654686711436,LINK REAL ESTATE INVESTMENT TRUST,Growth,International Shares,Global Shares,Global Shares,Real Estate - 60,Hong Kong Exchange,HKD,Hong Kong,,Unknown,World Large Blend Equity,International Equities - Unhedged,IEQStock
0.003052925515749889,BOC HONG KONG HOLDINGS LTD,Growth,International Shares,Global Shares,Global Shares,Financials - 40,Hong Kong Exchange,HKD,Hong Kong,,Diversified Banks - 40101010,World Large Blend Equity,International Equities - Unhedged,IEQStock
0.0024237276620102063,CK ASSET HOLDINGS LTD,Growth,International Shares,Global Shares,Global Shares,Real Estate - 60,Hong Kong Exchange,HKD,Hong Kong,,Real Estate Development - 60201030,World Large Blend Equity,International Equities - Unhedged,IEQStock
0.001802084842403008,HANG SENG BANK LTD,Growth,International Shares,Global Shares,Global Shares,Financials - 40,Hong Kong Exchange,HKD,Hong Kong,,Unknown,World Large Blend Equity,International Equities - Unhedged,IEQStock
0.0018414816196346687,HONG KONG AND CHINA GAS LTD,Growth,International Shares,Global Shares,Global Shares,Utilities - 55,Hong Kong Exchange,HKD,Hong Kong,,Unknown,World Large Blend Equity,International Equities - Unhedged,IEQStock
0.001799543114839679,POWER ASSETS HOLDINGS LTD,Growth,International Shares,Global Shares,Global Shares,Utilities - 55,Hong Kong Exchange,HKD,Hong Kong,,Unknown,World Large Blend Equity,International Equities - Unhedged,IEQStock
0.0011081932176131353,MTR CORPORATION CORP LTD,Growth,International Shares,Global Shares,Global Shares,Industrials - 20,Hong Kong Exchange,HKD,Hong Kong,,Unknown,World Large Blend Equity,International Equities - Unhedged,IEQStock
0.0013720260744741373,WHARF REAL ESTATE INVESTMENT COMPA,Growth,International Shares,Global Shares,Global Shares,Real Estate - 60,Hong Kong Exchange,HKD,Hong Kong,,Real Estate Operating Companies - 60201020,World Large Blend Equity,International Equities - Unhedged,IEQStock
0.0010675255765998078,WH GROUP LTD,Growth,International Shares,Global Shares,Global Shares,Consumer Staples - 30,Hong Kong Exchange,HKD,Hong Kong,,Unknown,World Large Blend Equity,International Equities - Unhedged,IEQStock
0.0012697252995286967,HKT TRUST AND HKT UNITS LTD,Growth,International Shares,Global Shares,Global Shares,Communication Services - 50,Hong Kong Exchange,HKD,Hong Kong,,Integrated Telecommunication Services - 50101020,World Large Blend Equity,International Equities - Unhedged,IEQStock
0.0008527495974981823,HENDERSON LAND DEVELOPMENT LTD,Growth,International Shares,Global Shares,Global Shares,Real Estate - 60,Hong Kong Exchange,HKD,Hong Kong,,Unknown,World Large Blend Equity,International Equities - Unhedged,IEQStock
0.000843853551026517,SINO LAND LTD,Growth,International Shares,Global Shares,Global Shares,Real Estate - 60,Hong Kong Exchange,HKD,Hong Kong,,Unknown,World Large Blend Equity,International Equities - Unhedged,IEQStock
0.0006632381867663971,BUDWEISER BREWING COMPANY APAC LTD,Growth,International Shares,Global Shares,Global Shares,Consumer Staples - 30,Hong Kong Exchange,HKD,Hong Kong,,Brewers - 30201010,World Large Blend Equity,International Equities - Unhedged,IEQStock
0.0007078711263882075,SWIRE PACIFIC LTD A,Growth,International Shares,Global Shares,Global Shares,Real Estate - 60,Hong Kong Exchange,HKD,Hong Kong,,Unknown,World Large Blend Equity,International Equities - Unhedged,IEQStock
0.0007935273452725231,CHEUNG KONG INFRASTRUCTURE HOLDING,Growth,International Shares,Global Shares,Global Shares,Utilities - 55,Hong Kong Exchange,HKD,Hong Kong,,Electric Utilities - 55101010,World Large Blend Equity,International Equities - Unhedged,IEQStock
0.0004117598652599265,NEW WORLD DEVELOPMENT COMPANY LTD,Growth,International Shares,Global Shares,Global Shares,Real Estate - 60,Hong Kong Exchange,HKD,Hong Kong,,Unknown,World Large Blend Equity,International Equities - Unhedged,IEQStock
0.0006483336649356548,ESR CAYMAN LTD,Growth,International Shares,Global Shares,Global Shares,Real Estate - 60,Hong Kong Exchange,HKD,Hong Kong,,Diversified Real Estate Activities - 60201010,World Large Blend Equity,International Equities - Unhedged,IEQStock
0.0005274084693915733,HANG LUNG PROPERTIES LTD,Growth,International Shares,Global Shares,Global Shares,Real Estate - 60,Hong Kong Exchange,HKD,Hong Kong,,Unknown,World Large Blend Equity,International Equities - Unhedged,IEQStock
0.0006983741910994215,SWIRE PROPERTIES LTD,Growth,International Shares,Global Shares,Global Shares,Real Estate - 60,Hong Kong Exchange,HKD,Hong Kong,,Real Estate Operating Companies - 60201020,World Large Blend Equity,International Equities - Unhedged,IEQStock
0.00033042458323327445,XINYI GLASS HOLDINGS LTD,Growth,International Shares,Global Shares,Global Shares,Industrials - 20,Hong Kong Exchange,HKD,Hong Kong,,Unknown,World Large Blend Equity,International Equities - Unhedged,IEQStock
0.0006041404003868556,SITC INTERNATIONAL HOLDINGS LTD,Growth,International Shares,Global Shares,Global Shares,Industrials - 20,Hong Kong Exchange,HKD,Hong Kong,,Marine Transportation - 20303010,World Large Blend Equity,International Equities - Unhedged,IEQStock
0.006972897693472131,SSE PLC,Growth,International Shares,Global Shares,Global Shares,Utilities - 55,London Stock Exchange,GBP,United Kingdom,,Electric Utilities - 55101010,World Large Blend Equity,International Equities - Unhedged,IEQStock
0.00600418702899525,VODAFONE GROUP PLC,Growth,International Shares,Global Shares,Global Shares,Communication Services - 50,London Stock Exchange,GBP,United Kingdom,,Wireless Telecommunication Services - 50102010,World Large Blend Equity,International Equities - Unhedged,IEQStock
0.006066559423405519,IMPERIAL BRANDS PLC,Growth,International Shares,Global Shares,Global Shares,Consumer Staples - 30,London Stock Exchange,GBP,United Kingdom,,Tobacco - 30203010,World Large Blend Equity,International Equities - Unhedged,IEQStock
0.005035043557771315,HALEON PLC,Growth,International Shares,Global Shares,Global Shares,Consumer Staples - 30,London Stock Exchange,GBP,United Kingdom,,Personal Care Products - 30302010,World Large Blend Equity,International Equities - Unhedged,IEQStock
0.006748986198169647,STANDARD CHARTERED PLC,Growth,International Shares,Global Shares,Global Shares,Financials - 40,London Stock Exchange,GBP,United Kingdom,,Diversified Banks - 40101010,World Large Blend Equity,International Equities - Unhedged,IEQStock
0.004492018355298747,LEGAL AND GENERAL GROUP PLC,Growth,International Shares,Global Shares,Global Shares,Financials - 40,London Stock Exchange,GBP,United Kingdom,,Life & Health Insurance - 40301020,World Large Blend Equity,International Equities - Unhedged,IEQStock
0.004559940622151911,AVIVA PLC,Growth,International Shares,Global Shares,Global Shares,Financials - 40,London Stock Exchange,GBP,United Kingdom,,Multi-line Insurance - 40301030,World Large Blend Equity,International Equities - Unhedged,IEQStock
0.003089417367985679,RENTOKIL INITIAL PLC,Growth,International Shares,Global Shares,Global Shares,Industrials - 20,London Stock Exchange,GBP,United Kingdom,,Environmental & Facilities Services - 20201050,World Large Blend Equity,International Equities - Unhedged,IEQStock
0.00556471038240172,NATWEST GROUP PLC,Growth,International Shares,Global Shares,Global Shares,Financials - 40,London Stock Exchange,GBP,United Kingdom,,Diversified Banks - 40101010,World Large Blend Equity,International Equities - Unhedged,IEQStock
0.0037063456663341526,INTERCONTINENTAL HOTELS GROUP PLC,Growth,International Shares,Global Shares,Global Shares,Consumer Discretionary - 25,London Stock Exchange,GBP,United Kingdom,,"Hotels, Resorts & Cruise Lines - 25301020",World Large Blend Equity,International Equities - Unhedged,IEQStock
0.00286877917632341,SAGE GROUP PLC,Growth,International Shares,Global Shares,Global Shares,Information Technology - 45,London Stock Exchange,GBP,United Kingdom,,Application Software - 45103010,World Large Blend Equity,International Equities - Unhedged,IEQStock
0.0036940865699473576,INFORMA PLC,Growth,International Shares,Global Shares,Global Shares,Communication Services - 50,London Stock Exchange,GBP,United Kingdom,,Advertising - 50201010,World Large Blend Equity,International Equities - Unhedged,IEQStock
0.0020518970687521407,BUNZL,Growth,International Shares,Global Shares,Global Shares,Industrials - 20,London Stock Exchange,GBP,United Kingdom,,Trading Companies & Distributors - 20107010,World Large Blend Equity,International Equities - Unhedged,IEQStock
0.0031030578285154253,SEGRO REIT PLC,Growth,International Shares,Global Shares,Global Shares,Real Estate - 60,London Stock Exchange,GBP,United Kingdom,,Industrial REITs - 60102510,World Large Blend Equity,International Equities - Unhedged,IEQStock
0.0027860332914712766,CENTRICA PLC,Growth,International Shares,Global Shares,Global Shares,Utilities - 55,London Stock Exchange,GBP,United Kingdom,,Multi-Utilities - 55103010,World Large Blend Equity,International Equities - Unhedged,IEQStock
0.0033681936808709996,SMITH AND NEPHEW PLC,Growth,International Shares,Global Shares,Global Shares,Health Care - 35,London Stock Exchange,GBP,United Kingdom,,Health Care Equipment - 35101010,World Large Blend Equity,International Equities - Unhedged,IEQStock
0.0023746258276145515,ASSOCIATED BRITISH FOODS PLC,Growth,International Shares,Global Shares,Global Shares,Consumer Staples - 30,London Stock Exchange,GBP,United Kingdom,,Packaged Foods & Meats - 30202030,World Large Blend Equity,International Equities - Unhedged,IEQStock
0.0008823086458706533,WPP PLC,Growth,International Shares,Global Shares,Global Shares,Communication Services - 50,London Stock Exchange,GBP,United Kingdom,,Advertising - 50201010,World Large Blend Equity,International Equities - Unhedged,IEQStock
0.002330511245663894,UNITED UTILITIES GROUP PLC,Growth,International Shares,Global Shares,Global Shares,Utilities - 55,London Stock Exchange,GBP,United Kingdom,,Water Utilities - 55104010,World Large Blend Equity,International Equities - Unhedged,IEQStock
0.002541286792933784,BT GROUP PLC,Growth,International Shares,Global Shares,Global Shares,Communication Services - 50,London Stock Exchange,GBP,United Kingdom,,Integrated Telecommunication Services - 50101020,World Large Blend Equity,International Equities - Unhedged,IEQStock
0.0030713797445733044,HALMA PLC,Growth,International Shares,Global Shares,Global Shares,Information Technology - 45,London Stock Exchange,GBP,United Kingdom,,Electronic Equipment & Instruments - 45203010,World Large Blend Equity,International Equities - Unhedged,IEQStock
0.00216661491159551,SEVERN TRENT PLC,Growth,International Shares,Global Shares,Global Shares,Utilities - 55,London Stock Exchange,GBP,United Kingdom,,Water Utilities - 55104010,World Large Blend Equity,International Equities - Unhedged,IEQStock
0.0013954684695689588,PEARSON PLC,Growth,International Shares,Global Shares,Global Shares,Consumer Discretionary - 25,London Stock Exchange,GBP,United Kingdom,,Education Services - 25302010,World Large Blend Equity,International Equities - Unhedged,IEQStock
0.0014950464944278956,BURBERRY GROUP PLC,Growth,International Shares,Global Shares,Global Shares,Consumer Discretionary - 25,London Stock Exchange,GBP,United Kingdom,,"Apparel, Accessories & Luxury Goods - 25203010",World Large Blend Equity,International Equities - Unhedged,IEQStock
0.0012940730835546092,MONDI PLC,Growth,International Shares,Global Shares,Global Shares,Materials - 15,London Stock Exchange,GBP,United Kingdom,,Paper Products - 15105020,World Large Blend Equity,International Equities - Unhedged,IEQStock
0.0016575203737631415,WHITBREAD PLC,Growth,International Shares,Global Shares,Global Shares,Consumer Discretionary - 25,London Stock Exchange,GBP,United Kingdom,,"Hotels, Resorts & Cruise Lines - 25301020",World Large Blend Equity,International Equities - Unhedged,IEQStock
0.0015563560552551278,CRODA INTERNATIONAL PLC,Growth,International Shares,Global Shares,Global Shares,Materials - 15,London Stock Exchange,GBP,United Kingdom,,Specialty Chemicals - 15101050,World Large Blend Equity,International Equities - Unhedged,IEQStock
0.0020773326774226448,INTERTEK GROUP PLC,Growth,International Shares,Global Shares,Global Shares,Industrials - 20,London Stock Exchange,GBP,United Kingdom,,Research & Consulting Services - 20202020,World Large Blend Equity,International Equities - Unhedged,IEQStock
0.0020319726114960087,SPIRAX-SARCO ENGINEERING PLC,Growth,International Shares,Global Shares,Global Shares,Industrials - 20,London Stock Exchange,GBP,United Kingdom,,Industrial Machinery & Supplies & Components - 20106020,World Large Blend Equity,International Equities - Unhedged,IEQStock
0.001532866189088586,AUTO TRADER GROUP PLC,Growth,International Shares,Global Shares,Global Shares,Communication Services - 50,London Stock Exchange,GBP,United Kingdom,,Interactive Media & Services - 50203010,World Large Blend Equity,International Equities - Unhedged,IEQStock
0.001967196651745622,ENTAIN PLC,Growth,International Shares,Global Shares,Global Shares,Consumer Discretionary - 25,London Stock Exchange,GBP,United Kingdom,,Casinos & Gaming - 25301010,World Large Blend Equity,International Equities - Unhedged,IEQStock
0.002406361279795809,SMITHS GROUP PLC,Growth,International Shares,Global Shares,Global Shares,Industrials - 20,London Stock Exchange,GBP,United Kingdom,,Industrial Conglomerates - 20105010,World Large Blend Equity,International Equities - Unhedged,IEQStock
0.001368466908137018,BERKELEY GROUP HOLDINGS (THE) PLC,Growth,International Shares,Global Shares,Global Shares,Consumer Discretionary - 25,London Stock Exchange,GBP,United Kingdom,,Homebuilding - 25201030,World Large Blend Equity,International Equities - Unhedged,IEQStock
0.0014933464614445527,DCC PLC,Growth,International Shares,Global Shares,Global Shares,Industrials - 20,London Stock Exchange,GBP,United Kingdom,,Industrial Conglomerates - 20105010,World Large Blend Equity,International Equities - Unhedged,IEQStock
0.001681423174094188,SAINSBURY(J) PLC,Growth,International Shares,Global Shares,Global Shares,Consumer Staples - 30,London Stock Exchange,GBP,United Kingdom,,Food Retail - 30101030,World Large Blend Equity,International Equities - Unhedged,IEQStock
0.001997882234327602,M&G PLC,Growth,International Shares,Global Shares,Global Shares,Financials - 40,London Stock Exchange,GBP,United Kingdom,,Diversified Financial Services - 40201020,World Large Blend Equity,International Equities - Unhedged,IEQStock
0.003491808854914897,ANTOFAGASTA PLC,Growth,International Shares,Global Shares,Global Shares,Materials - 15,London Stock Exchange,GBP,United Kingdom,,Copper - 15104025,World Large Blend Equity,International Equities - Unhedged,IEQStock
0.0013941319793970945,LAND SECURITIES GROUP REIT PLC,Growth,International Shares,Global Shares,Global Shares,Real Estate - 60,London Stock Exchange,GBP,United Kingdom,,Diversified REITs - 60101010,World Large Blend Equity,International Equities - Unhedged,IEQStock
0.001490651517550188,PHOENIX GROUP HOLDINGS PLC,Growth,International Shares,Global Shares,Global Shares,Financials - 40,London Stock Exchange,GBP,United Kingdom,,Life & Health Insurance - 40301020,World Large Blend Equity,International Equities - Unhedged,IEQStock
0.001372581543123883,BARRATT DEVELOPMENTS,Growth,International Shares,Global Shares,Global Shares,Consumer Discretionary - 25,London Stock Exchange,GBP,United Kingdom,,Homebuilding - 25201030,World Large Blend Equity,International Equities - Unhedged,IEQStock
0.001516168108352238,KINGFISHER PLC,Growth,International Shares,Global Shares,Global Shares,Consumer Discretionary - 25,London Stock Exchange,GBP,United Kingdom,,Home Improvement Retail - 25504030,World Large Blend Equity,International Equities - Unhedged,IEQStock
0.0004622735417883872,OCADO GROUP PLC,Growth,International Shares,Global Shares,Global Shares,Consumer Staples - 30,London Stock Exchange,GBP,United Kingdom,,Food Retail - 30101030,World Large Blend Equity,International Equities - Unhedged,IEQStock
0.0014940946661594848,ST JAMESS PLACE PLC,Growth,International Shares,Global Shares,Global Shares,Financials - 40,London Stock Exchange,GBP,United Kingdom,,Asset Management & Custody Banks - 40203010,World Large Blend Equity,International Equities - Unhedged,IEQStock
0.0014753753873016856,PERSIMMON PLC,Growth,International Shares,Global Shares,Global Shares,Consumer Discretionary - 25,London Stock Exchange,GBP,United Kingdom,,Homebuilding - 25201030,World Large Blend Equity,International Equities - Unhedged,IEQStock
0.0014462760209335108,ABRDN PLC,Growth,International Shares,Global Shares,Global Shares,Financials - 40,London Stock Exchange,GBP,United Kingdom,,Asset Management & Custody Banks - 40203010,World Large Blend Equity,International Equities - Unhedged,IEQStock
0.000786057264772738,HARGREAVES LANSDOWN PLC,Growth,International Shares,Global Shares,Global Shares,Financials - 40,London Stock Exchange,GBP,United Kingdom,,Asset Management & Custody Banks - 40203010,World Large Blend Equity,International Equities - Unhedged,IEQStock
0.05257531374115676,SHELL PLC,Growth,International Shares,Global Shares,Global Shares,Energy - 10,London Stock Exchange,GBP,United Kingdom,,Integrated Oil & Gas - 10102010,World Large Blend Equity,International Equities - Unhedged,IEQStock
0.062276452764488704,ASTRAZENECA PLC,Growth,International Shares,Global Shares,Global Shares,Health Care - 35,London Stock Exchange,GBP,United Kingdom,,Pharmaceuticals - 35202010,World Large Blend Equity,International Equities - Unhedged,IEQStock
0.046993369768665715,HSBC HOLDINGS PLC,Growth,International Shares,Global Shares,Global Shares,Financials - 40,London Stock Exchange,GBP,United Kingdom,,Diversified Banks - 40101010,World Large Blend Equity,International Equities - Unhedged,IEQStock
0.0276395025989717,UNILEVER PLC,Growth,International Shares,Global Shares,Global Shares,Consumer Staples - 30,London Stock Exchange,GBP,United Kingdom,,Personal Care Products - 30302010,World Large Blend Equity,International Equities - Unhedged,IEQStock
0.026272285959220015,BP PLC,Growth,International Shares,Global Shares,Global Shares,Energy - 10,London Stock Exchange,GBP,United Kingdom,,Integrated Oil & Gas - 10102010,World Large Blend Equity,International Equities - Unhedged,IEQStock
0.012547600005333049,DIAGEO PLC,Growth,International Shares,Global Shares,Global Shares,Consumer Staples - 30,London Stock Exchange,GBP,United Kingdom,,Distillers & Vintners - 30201020,World Large Blend Equity,International Equities - Unhedged,IEQStock
0.024043573727545432,GLAXOSMITHKLINE,Growth,International Shares,Global Shares,Global Shares,Health Care - 35,London Stock Exchange,GBP,United Kingdom,,Pharmaceuticals - 35202010,World Large Blend Equity,International Equities - Unhedged,IEQStock
0.014551000082443062,RELX PLC,Growth,International Shares,Global Shares,Global Shares,Industrials - 20,London Stock Exchange,GBP,United Kingdom,,Research & Consulting Services - 20202020,World Large Blend Equity,International Equities - Unhedged,IEQStock
0.021866589540562652,BRITISH AMERICAN TOBACCO,Growth,International Shares,Global Shares,Global Shares,Consumer Staples - 30,London Stock Exchange,GBP,United Kingdom,,Tobacco - 30203010,World Large Blend Equity,International Equities - Unhedged,IEQStock
0.01290201308379094,GLENCORE PLC,Growth,International Shares,Global Shares,Global Shares,Materials - 15,London Stock Exchange,GBP,United Kingdom,,Diversified Metals & Mining - 15104020,World Large Blend Equity,International Equities - Unhedged,IEQStock
0.014376403900024658,RECKITT BENCKISER GROUP PLC,Growth,International Shares,Global Shares,Global Shares,Consumer Staples - 30,London Stock Exchange,GBP,United Kingdom,,Household Products - 30301010,World Large Blend Equity,International Equities - Unhedged,IEQStock
0.013190615580969626,NATIONAL GRID PLC,Growth,International Shares,Global Shares,Global Shares,Utilities - 55,London Stock Exchange,GBP,United Kingdom,,Multi-Utilities - 55103010,World Large Blend Equity,International Equities - Unhedged,IEQStock
0.008322652268196338,LONDON STOCK EXCHANGE GROUP PLC,Growth,International Shares,Global Shares,Global Shares,Financials - 40,London Stock Exchange,GBP,United Kingdom,,Financial Exchanges & Data - 40203040,World Large Blend Equity,International Equities - Unhedged,IEQStock
0.00950116385625542,COMPASS GROUP PLC,Growth,International Shares,Global Shares,Global Shares,Consumer Discretionary - 25,London Stock Exchange,GBP,United Kingdom,,Restaurants - 25301040,World Large Blend Equity,International Equities - Unhedged,IEQStock
0.013612520311420443,CRH PUBLIC LIMITED PLC,Growth,International Shares,Global Shares,Global Shares,Materials - 15,London Stock Exchange,GBP,United Kingdom,,Construction Materials - 15102010,World Large Blend Equity,International Equities - Unhedged,IEQStock
0.014768714174314095,BAE SYSTEMS PLC,Growth,International Shares,Global Shares,Global Shares,Industrials - 20,London Stock Exchange,GBP,United Kingdom,,Aerospace & Defense - 20101010,World Large Blend Equity,International Equities - Unhedged,IEQStock
0.007516609312930777,ANGLO AMERICAN PLC,Growth,International Shares,Global Shares,Global Shares,Materials - 15,London Stock Exchange,GBP,United Kingdom,,Diversified Metals & Mining - 15104020,World Large Blend Equity,International Equities - Unhedged,IEQStock
0.01278666211234728,LLOYDS BANKING GROUP PLC,Growth,International Shares,Global Shares,Global Shares,Financials - 40,London Stock Exchange,GBP,United Kingdom,,Diversified Banks - 40101010,World Large Blend Equity,International Equities - Unhedged,IEQStock
0.008281595157193069,EXPERIAN PLC,Growth,International Shares,Global Shares,Global Shares,Industrials - 20,London Stock Exchange,GBP,United Kingdom,,Research & Consulting Services - 20202020,World Large Blend Equity,International Equities - Unhedged,IEQStock
0.006187241230294414,ASHTEAD GROUP PLC,Growth,International Shares,Global Shares,Global Shares,Industrials - 20,London Stock Exchange,GBP,United Kingdom,,Trading Companies & Distributors - 20107010,World Large Blend Equity,International Equities - Unhedged,IEQStock
0.009746577763491077,BARCLAYS PLC,Growth,International Shares,Global Shares,Global Shares,Financials - 40,London Stock Exchange,GBP,United Kingdom,,Diversified Banks - 40101010,World Large Blend Equity,International Equities - Unhedged,IEQStock
0.006023921071791015,3I GROUP PLC,Growth,International Shares,Global Shares,Global Shares,Financials - 40,London Stock Exchange,GBP,United Kingdom,,Asset Management & Custody Banks - 40203010,World Large Blend Equity,International Equities - Unhedged,IEQStock
0.013304214988509495,ROLLS-ROYCE HOLDINGS PLC,Growth,International Shares,Global Shares,Global Shares,Industrials - 20,London Stock Exchange,GBP,United Kingdom,,Aerospace & Defense - 20101010,World Large Blend Equity,International Equities - Unhedged,IEQStock
0.007117366767915874,TRACTOR SUPPLY,Growth,International Shares,Global Shares,Global Shares,Consumer Staples - 30,London Stock Exchange,GBP,United Kingdom,,Food Retail - 30101030,World Large Blend Equity,International Equities - Unhedged,IEQStock
0.001957734316607205,COCA COLA HBC AG,Growth,International Shares,Global Shares,Global Shares,Consumer Staples - 30,London Stock Exchange,GBP,United Kingdom,,Soft Drinks & Non-alcoholic Beverages - 30201030,World Large Blend Equity,International Equities - Unhedged,IEQStock
0.0012061099996968749,WISE PLC CLASS A,Growth,International Shares,Global Shares,Global Shares,Financials - 40,London Stock Exchange,GBP,United Kingdom,,Transaction & Payment Processing Services - 40201060,World Large Blend Equity,International Equities - Unhedged,IEQStock
0.0007300998226957175,JD SPORTS FASHION PLC,Growth,International Shares,Global Shares,Global Shares,Consumer Discretionary - 25,London Stock Exchange,GBP,United Kingdom,,Other Specialty Retail - 25504040,World Large Blend Equity,International Equities - Unhedged,IEQStock
0.0006849159029640332,HIKMA PHARMACEUTICALS PLC,Growth,International Shares,Global Shares,Global Shares,Health Care - 35,London Stock Exchange,GBP,United Kingdom,,Pharmaceuticals - 35202010,World Large Blend Equity,International Equities - Unhedged,IEQStock
0.0056860829791816,GENMAB,Growth,International Shares,Global Shares,Global Shares,Health Care - 35,Nasdaq Omx Nordic Copenhagen,DKK,Denmark,,Biotechnology - 35201010,World Large Blend Equity,International Equities - Unhedged,IEQStock
0.0060479889540866446,DANSKE BANK,Growth,International Shares,Global Shares,Global Shares,Financials - 40,Nasdaq Omx Nordic Copenhagen,DKK,Denmark,,Diversified Banks - 40101010,World Large Blend Equity,International Equities - Unhedged,IEQStock
0.0026672504977833873,COLOPLAST B,Growth,International Shares,Global Shares,Global Shares,Health Care - 35,Nasdaq Omx Nordic Copenhagen,DKK,Denmark,,Health Care Supplies - 35101020,World Large Blend Equity,International Equities - Unhedged,IEQStock
0.003331311915585419,CARLSBERG AS CL B,Growth,International Shares,Global Shares,Global Shares,Consumer Staples - 30,Nasdaq Omx Nordic Copenhagen,DKK,Denmark,,Brewers - 30201010,World Large Blend Equity,International Equities - Unhedged,IEQStock
0.004158642845844198,NOVOZYMES B,Growth,International Shares,Global Shares,Global Shares,Materials - 15,Nasdaq Omx Nordic Copenhagen,DKK,Denmark,,Specialty Chemicals - 15101050,World Large Blend Equity,International Equities - Unhedged,IEQStock
0.0016455769544736507,PANDORA,Growth,International Shares,Global Shares,Global Shares,Consumer Discretionary - 25,Nasdaq Omx Nordic Copenhagen,DKK,Denmark,,"Apparel, Accessories & Luxury Goods - 25203010",World Large Blend Equity,International Equities - Unhedged,IEQStock
0.0010265547236385742,ORSTED,Growth,International Shares,Global Shares,Global Shares,Utilities - 55,Nasdaq Omx Nordic Copenhagen,DKK,Denmark,,Electric Utilities - 55101010,World Large Blend Equity,International Equities - Unhedged,IEQStock
0.0017875307258274926,TRYG,Growth,International Shares,Global Shares,Global Shares,Financials - 40,Nasdaq Omx Nordic Copenhagen,DKK,Denmark,,Property & Casualty Insurance - 40301040,World Large Blend Equity,International Equities - Unhedged,IEQStock
0.002276025761353233,A P MOLLER MAERSK B,Growth,International Shares,Global Shares,Global Shares,Industrials - 20,Nasdaq Omx Nordic Copenhagen,DKK,Denmark,,Marine Transportation - 20303010,World Large Blend Equity,International Equities - Unhedged,IEQStock
0.0012941996599450457,A P MOLLER MAERSK,Growth,International Shares,Global Shares,Global Shares,Industrials - 20,Nasdaq Omx Nordic Copenhagen,DKK,Denmark,,Marine Transportation - 20303010,World Large Blend Equity,International Equities - Unhedged,IEQStock
0.04195669838479231,NOVO NORDISK CLASS B,Growth,International Shares,Global Shares,Global Shares,Health Care - 35,Nasdaq Omx Nordic Copenhagen,DKK,Denmark,,Pharmaceuticals - 35202010,World Large Blend Equity,International Equities - Unhedged,IEQStock
0.007270909670496263,DSV,Growth,International Shares,Global Shares,Global Shares,Industrials - 20,Nasdaq Omx Nordic Copenhagen,DKK,Denmark,,Air Freight & Logistics - 20301010,World Large Blend Equity,International Equities - Unhedged,IEQStock
0.010142416193893593,VESTAS WIND SYSTEMS,Growth,International Shares,Global Shares,Global Shares,Industrials - 20,Nasdaq Omx Nordic Copenhagen,DKK,Denmark,,Heavy Electrical Equipment - 20104020,World Large Blend Equity,International Equities - Unhedged,IEQStock
0.0008118905091778513,DEMANT,Growth,International Shares,Global Shares,Global Shares,Health Care - 35,Nasdaq Omx Nordic Copenhagen,DKK,Denmark,,Health Care Equipment - 35101010,World Large Blend Equity,International Equities - Unhedged,IEQStock
0.0004678013725223153,ROCKWOOL INTERNATIONAL B,Growth,International Shares,Global Shares,Global Shares,Industrials - 20,Nasdaq Omx Nordic Copenhagen,DKK,Denmark,,Building Products - 20102010,World Large Blend Equity,International Equities - Unhedged,IEQStock
0.0054899500078814945,SAMPO,Growth,International Shares,Global Shares,Global Shares,Financials - 40,Nasdaq OMX Nordic Helsinki,EUR,Finland,,Property & Casualty Insurance - 40301040,World Large Blend Equity,International Equities - Unhedged,IEQStock
0.003894490285736368,UPM-KYMMENE,Growth,International Shares,Global Shares,Global Shares,Materials - 15,Nasdaq OMX Nordic Helsinki,EUR,Finland,,Paper Products - 15105020,World Large Blend Equity,International Equities - Unhedged,IEQStock
0.005423628598283833,NOKIA,Growth,International Shares,Global Shares,Global Shares,Information Technology - 45,Nasdaq OMX Nordic Helsinki,EUR,Finland,,Communications Equipment - 45201020,World Large Blend Equity,International Equities - Unhedged,IEQStock
0.004764533212639325,KONE,Growth,International Shares,Global Shares,Global Shares,Industrials - 20,Nasdaq OMX Nordic Helsinki,EUR,Finland,,Industrial Machinery & Supplies & Components - 20106020,World Large Blend Equity,International Equities - Unhedged,IEQStock
0.004536395696770623,NESTE,Growth,International Shares,Global Shares,Global Shares,Energy - 10,Nasdaq OMX Nordic Helsinki,EUR,Finland,,Oil & Gas Refining & Marketing - 10102030,World Large Blend Equity,International Equities - Unhedged,IEQStock
0.0017393872393674595,STORA ENSO CLASS R,Growth,International Shares,Global Shares,Global Shares,Materials - 15,Nasdaq OMX Nordic Helsinki,EUR,Finland,,Paper Products - 15105020,World Large Blend Equity,International Equities - Unhedged,IEQStock
0.0013119595031114838,ELISA,Growth,International Shares,Global Shares,Global Shares,Communication Services - 50,Nasdaq OMX Nordic Helsinki,EUR,Finland,,Integrated Telecommunication Services - 50101020,World Large Blend Equity,International Equities - Unhedged,IEQStock
0.0023840498805955206,METSO OYJ NPV,Growth,International Shares,Global Shares,Global Shares,Industrials - 20,Nasdaq OMX Nordic Helsinki,EUR,Finland,,Construction Machinery & Heavy Transportation Equipment - 20106010,World Large Blend Equity,International Equities - Unhedged,IEQStock
0.002558138121130732,WARTSILA,Growth,International Shares,Global Shares,Global Shares,Industrials - 20,Nasdaq OMX Nordic Helsinki,EUR,Finland,,Industrial Machinery & Supplies & Components - 20106020,World Large Blend Equity,International Equities - Unhedged,IEQStock
0.0018269886947105622,FORTUM,Growth,International Shares,Global Shares,Global Shares,Utilities - 55,Nasdaq OMX Nordic Helsinki,EUR,Finland,,Electric Utilities - 55101010,World Large Blend Equity,International Equities - Unhedged,IEQStock
0.0012583753430198664,KESKO CLASS B,Growth,International Shares,Global Shares,Global Shares,Consumer Staples - 30,Nasdaq OMX Nordic Helsinki,EUR,Finland,,Food Retail - 30101030,World Large Blend Equity,International Equities - Unhedged,IEQStock
0.0015878533918922736,ORION CLASS B,Growth,International Shares,Global Shares,Global Shares,Health Care - 35,Nasdaq OMX Nordic Helsinki,EUR,Finland,,Pharmaceuticals - 35202010,World Large Blend Equity,International Equities - Unhedged,IEQStock
0.006819241945521155,ASSA ABLOY B,Growth,International Shares,Global Shares,Global Shares,Industrials - 20,Nasdaq OMX Nordic Stockholm,SEK,Sweden,,Building Products - 20102010,World Large Blend Equity,International Equities - Unhedged,IEQStock
0.007352439813172361,SANDVIK,Growth,International Shares,Global Shares,Global Shares,Industrials - 20,Nasdaq OMX Nordic Stockholm,SEK,Sweden,,Industrial Machinery & Supplies & Components - 20106020,World Large Blend Equity,International Equities - Unhedged,IEQStock
0.005126664495242424,SKANDINAVISKA ENSKILDA BANKEN,Growth,International Shares,Global Shares,Global Shares,Financials - 40,Nasdaq OMX Nordic Stockholm,SEK,Sweden,,Unknown,World Large Blend Equity,International Equities - Unhedged,IEQStock
0.005347737026716844,HEXAGON CLASS B,Growth,International Shares,Global Shares,Global Shares,Information Technology - 45,Nasdaq OMX Nordic Stockholm,SEK,Sweden,,Electronic Equipment & Instruments - 45203010,World Large Blend Equity,International Equities - Unhedged,IEQStock
0.004859198053061829,ATLAS COPCO CLASS B,Growth,International Shares,Global Shares,Global Shares,Industrials - 20,Nasdaq OMX Nordic Stockholm,SEK,Sweden,,Industrial Machinery & Supplies & Components - 20106020,World Large Blend Equity,International Equities - Unhedged,IEQStock
0.0036565582425824375,EVOLUTION,Growth,International Shares,Global Shares,Global Shares,Consumer Discretionary - 25,Nasdaq OMX Nordic Stockholm,SEK,Sweden,,Casinos & Gaming - 25301010,World Large Blend Equity,International Equities - Unhedged,IEQStock
0.005323385243320422,SWEDBANK,Growth,International Shares,Global Shares,Global Shares,Financials - 40,Nasdaq OMX Nordic Stockholm,SEK,Sweden,,Diversified Banks - 40101010,World Large Blend Equity,International Equities - Unhedged,IEQStock
0.0036973635342159457,ERICSSON B,Growth,International Shares,Global Shares,Global Shares,Information Technology - 45,Nasdaq OMX Nordic Stockholm,SEK,Sweden,,Communications Equipment - 45201020,World Large Blend Equity,International Equities - Unhedged,IEQStock
0.004119570605857674,SVENSKA HANDELSBANKEN-A SHS,Growth,International Shares,Global Shares,Global Shares,Financials - 40,Nasdaq OMX Nordic Stockholm,SEK,Sweden,,Diversified Banks - 40101010,World Large Blend Equity,International Equities - Unhedged,IEQStock
0.0028951574886375165,ESSITY CLASS B,Growth,International Shares,Global Shares,Global Shares,Consumer Staples - 30,Nasdaq OMX Nordic Stockholm,SEK,Sweden,,Household Products - 30301010,World Large Blend Equity,International Equities - Unhedged,IEQStock
0.0027626459957110967,EPIROC CLASS A,Growth,International Shares,Global Shares,Global Shares,Industrials - 20,Nasdaq OMX Nordic Stockholm,SEK,Sweden,,Construction Machinery & Heavy Transportation Equipment - 20106010,World Large Blend Equity,International Equities - Unhedged,IEQStock
0.0022970415056827913,ALFA LAVAL,Growth,International Shares,Global Shares,Global Shares,Industrials - 20,Nasdaq OMX Nordic Stockholm,SEK,Sweden,,Industrial Machinery & Supplies & Components - 20106020,World Large Blend Equity,International Equities - Unhedged,IEQStock
0.0016637558459717296,NIBE INDUSTRIER CLASS B,Growth,International Shares,Global Shares,Global Shares,Industrials - 20,Nasdaq OMX Nordic Stockholm,SEK,Sweden,,Building Products - 20102010,World Large Blend Equity,International Equities - Unhedged,IEQStock
0.002409143484702289,HENNES & MAURITZ,Growth,International Shares,Global Shares,Global Shares,Consumer Discretionary - 25,Nasdaq OMX Nordic Stockholm,SEK,Sweden,,Apparel Retail - 25504010,World Large Blend Equity,International Equities - Unhedged,IEQStock
0.0016302965432867201,SVENSKA CELLULOSA B,Growth,International Shares,Global Shares,Global Shares,Materials - 15,Nasdaq OMX Nordic Stockholm,SEK,Sweden,,Forest Products - 15105010,World Large Blend Equity,International Equities - Unhedged,IEQStock
0.002403958562073967,BOLIDEN,Growth,International Shares,Global Shares,Global Shares,Materials - 15,Nasdaq OMX Nordic Stockholm,SEK,Sweden,,Diversified Metals & Mining - 15104020,World Large Blend Equity,International Equities - Unhedged,IEQStock
0.0018220305474773162,SKF B,Growth,International Shares,Global Shares,Global Shares,Industrials - 20,Nasdaq OMX Nordic Stockholm,SEK,Sweden,,Industrial Machinery & Supplies & Components - 20106020,World Large Blend Equity,International Equities - Unhedged,IEQStock
0.0014857105281248226,EPIROC CLASS B,Growth,International Shares,Global Shares,Global Shares,Industrials - 20,Nasdaq OMX Nordic Stockholm,SEK,Sweden,,Construction Machinery & Heavy Transportation Equipment - 20106010,World Large Blend Equity,International Equities - Unhedged,IEQStock
0.001722784931388927,TELIA COMPANY,Growth,International Shares,Global Shares,Global Shares,Communication Services - 50,Nasdaq OMX Nordic Stockholm,SEK,Sweden,,Integrated Telecommunication Services - 50101020,World Large Blend Equity,International Equities - Unhedged,IEQStock
0.0014391486472562856,SKANSKA B,Growth,International Shares,Global Shares,Global Shares,Industrials - 20,Nasdaq OMX Nordic Stockholm,SEK,Sweden,,Construction & Engineering - 20103010,World Large Blend Equity,International Equities - Unhedged,IEQStock
0.001985701906351277,INDUSTRIVARDEN SERIES,Growth,International Shares,Global Shares,Global Shares,Financials - 40,Nasdaq OMX Nordic Stockholm,SEK,Sweden,,Multi-Sector Holdings - 40201030,World Large Blend Equity,International Equities - Unhedged,IEQStock
0.0003013394797881755,INDUSTRIVARDEN A,Growth,International Shares,Global Shares,Global Shares,Financials - 40,Nasdaq OMX Nordic Stockholm,SEK,Sweden,,Multi-Sector Holdings - 40201030,World Large Blend Equity,International Equities - Unhedged,IEQStock
0.0013207897230798286,GETINGE B,Growth,International Shares,Global Shares,Global Shares,Health Care - 35,Nasdaq OMX Nordic Stockholm,SEK,Sweden,,Health Care Equipment - 35101010,World Large Blend Equity,International Equities - Unhedged,IEQStock
0.0009963572048264915,TELE2 B,Growth,International Shares,Global Shares,Global Shares,Communication Services - 50,Nasdaq OMX Nordic Stockholm,SEK,Sweden,,Unknown,World Large Blend Equity,International Equities - Unhedged,IEQStock
0.009145680697584717,ATLAS COPCO CLASS A,Growth,International Shares,Global Shares,Global Shares,Industrials - 20,Nasdaq OMX Nordic Stockholm,SEK,Sweden,,Industrial Machinery & Supplies & Components - 20106020,World Large Blend Equity,International Equities - Unhedged,IEQStock
0.008487252270658132,VOLVO CLASS B,Growth,International Shares,Global Shares,Global Shares,Industrials - 20,Nasdaq OMX Nordic Stockholm,SEK,Sweden,,Construction Machinery & Heavy Transportation Equipment - 20106010,World Large Blend Equity,International Equities - Unhedged,IEQStock
0.0013151871059333099,INDUTRADE,Growth,International Shares,Global Shares,Global Shares,Industrials - 20,Nasdaq OMX Nordic Stockholm,SEK,Sweden,,Industrial Machinery & Supplies & Components - 20106020,World Large Blend Equity,International Equities - Unhedged,IEQStock
0.0014065853740002172,LIFCO CLASS B,Growth,International Shares,Global Shares,Global Shares,Industrials - 20,Nasdaq OMX Nordic Stockholm,SEK,Sweden,,Industrial Conglomerates - 20105010,World Large Blend Equity,International Equities - Unhedged,IEQStock
0.0022888925583487174,SAAB B,Growth,International Shares,Global Shares,Global Shares,Industrials - 20,Nasdaq OMX Nordic Stockholm,SEK,Sweden,,Aerospace & Defense - 20101010,World Large Blend Equity,International Equities - Unhedged,IEQStock
0.0013702714804017374,VOLVO CLASS A,Growth,International Shares,Global Shares,Global Shares,Industrials - 20,Nasdaq OMX Nordic Stockholm,SEK,Sweden,,Construction Machinery & Heavy Transportation Equipment - 20106010,World Large Blend Equity,International Equities - Unhedged,IEQStock
0.001356548989378047,SWEDISH ORPHAN BIOVITRUM,Growth,International Shares,Global Shares,Global Shares,Health Care - 35,Nasdaq OMX Nordic Stockholm,SEK,Sweden,,Biotechnology - 35201010,World Large Blend Equity,International Equities - Unhedged,IEQStock
0.0009737445940906341,SAGAX CLASS B,Growth,International Shares,Global Shares,Global Shares,Real Estate - 60,Nasdaq OMX Nordic Stockholm,SEK,Sweden,,Real Estate Operating Companies - 60201020,World Large Blend Equity,International Equities - Unhedged,IEQStock
0.0010625656235635163,BEIJER REF CLASS B,Growth,International Shares,Global Shares,Global Shares,Industrials - 20,Nasdaq OMX Nordic Stockholm,SEK,Sweden,,Trading Companies & Distributors - 20107010,World Large Blend Equity,International Equities - Unhedged,IEQStock
0.0011349212745903061,SECURITAS B,Growth,International Shares,Global Shares,Global Shares,Industrials - 20,Nasdaq OMX Nordic Stockholm,SEK,Sweden,,Security & Alarm Services - 20201080,World Large Blend Equity,International Equities - Unhedged,IEQStock
0.0007157985381311563,HOLMEN CLASS B,Growth,International Shares,Global Shares,Global Shares,Materials - 15,Nasdaq OMX Nordic Stockholm,SEK,Sweden,,Paper Products - 15105020,World Large Blend Equity,International Equities - Unhedged,IEQStock
0.0008878969239598951,FASTIGHETS BALDER CLASS B,Growth,International Shares,Global Shares,Global Shares,Real Estate - 60,Nasdaq OMX Nordic Stockholm,SEK,Sweden,,Real Estate Operating Companies - 60201020,World Large Blend Equity,International Equities - Unhedged,IEQStock
0.0009002941081963332,LUNDBERGFORETAGEN CLASS B,Growth,International Shares,Global Shares,Global Shares,Financials - 40,Nasdaq OMX Nordic Stockholm,SEK,Sweden,,Multi-Sector Holdings - 40201030,World Large Blend Equity,International Equities - Unhedged,IEQStock
0.0005012912722435751,HUSQVARNA,Growth,International Shares,Global Shares,Global Shares,Industrials - 20,Nasdaq OMX Nordic Stockholm,SEK,Sweden,,Agricultural & Farm Machinery - 20106015,World Large Blend Equity,International Equities - Unhedged,IEQStock
0.0006767992208948796,LATOUR INVESTMENT CLASS B,Growth,International Shares,Global Shares,Global Shares,Industrials - 20,Nasdaq OMX Nordic Stockholm,SEK,Sweden,,Industrial Conglomerates - 20105010,World Large Blend Equity,International Equities - Unhedged,IEQStock
0.0004929419864721914,VOLVO CAR CLASS B,Growth,International Shares,Global Shares,Global Shares,Consumer Discretionary - 25,Nasdaq OMX Nordic Stockholm,SEK,Sweden,,Automobile Manufacturers - 25102010,World Large Blend Equity,International Equities - Unhedged,IEQStock
0.004927628954644136,T ROWE PRICE GROUP INC,Growth,International Shares,Global Shares,Global Shares,Financials - 40,NASDAQ Stock Market,USD,United States,,Asset Management & Custody Banks - 40203010,World Large Blend Equity,International Equities - Unhedged,IEQStock
0.006889833374878801,ULTA BEAUTY INC,Growth,International Shares,Global Shares,Global Shares,Consumer Discretionary - 25,NASDAQ Stock Market,USD,United States,,Other Specialty Retail - 25504040,World Large Blend Equity,International Equities - Unhedged,IEQStock
0.005015046044804957,VERISIGN INC,Growth,International Shares,Global Shares,Global Shares,Information Technology - 45,NASDAQ Stock Market,USD,United States,,Internet Services & Infrastructure - 45102030,World Large Blend Equity,International Equities - Unhedged,IEQStock
0.004963021215873771,ILLUMINA INC,Growth,International Shares,Global Shares,Global Shares,Health Care - 35,NASDAQ Stock Market,USD,United States,,Life Sciences Tools & Services - 35203010,World Large Blend Equity,International Equities - Unhedged,IEQStock
0.005335062108817327,FIFTH THIRD BANCORP,Growth,International Shares,Global Shares,Global Shares,Financials - 40,NASDAQ Stock Market,USD,United States,,Diversified Banks - 40101010,World Large Blend Equity,International Equities - Unhedged,IEQStock
0.004597908441625525,PTC INC,Growth,International Shares,Global Shares,Global Shares,Information Technology - 45,NASDAQ Stock Market,USD,United States,,Application Software - 45103010,World Large Blend Equity,International Equities - Unhedged,IEQStock
0.0052475137613143645,NASDAQ INC,Growth,International Shares,Global Shares,Global Shares,Financials - 40,NASDAQ Stock Market,USD,United States,,Financial Exchanges & Data - 40203040,World Large Blend Equity,International Equities - Unhedged,IEQStock
0.006284426748062253,STEEL DYNAMICS INC,Growth,International Shares,Global Shares,Global Shares,Materials - 15,NASDAQ Stock Market,USD,United States,,Steel - 15104050,World Large Blend Equity,International Equities - Unhedged,IEQStock
0.004293991689620898,HOLOGIC INC,Growth,International Shares,Global Shares,Global Shares,Health Care - 35,NASDAQ Stock Market,USD,United States,,Health Care Equipment - 35101010,World Large Blend Equity,International Equities - Unhedged,IEQStock
0.003959568833989362,AKAMAI TECHNOLOGIES INC,Growth,International Shares,Global Shares,Global Shares,Information Technology - 45,NASDAQ Stock Market,USD,United States,,Internet Services & Infrastructure - 45102030,World Large Blend Equity,International Equities - Unhedged,IEQStock
0.003494839733004264,COOPER INC,Growth,International Shares,Global Shares,Global Shares,Health Care - 35,NASDAQ Stock Market,USD,United States,,Health Care Supplies - 35101020,World Large Blend Equity,International Equities - Unhedged,IEQStock
0.006313039877690874,EXPEDIA GROUP INC,Growth,International Shares,Global Shares,Global Shares,Consumer Discretionary - 25,NASDAQ Stock Market,USD,United States,,"Hotels, Resorts & Cruise Lines - 25301020",World Large Blend Equity,International Equities - Unhedged,IEQStock
0.003909631122571928,NETAPP INC,Growth,International Shares,Global Shares,Global Shares,Information Technology - 45,NASDAQ Stock Market,USD,United States,,"Tech Hardware, Storage & Peripherals - 45202030",World Large Blend Equity,International Equities - Unhedged,IEQStock
0.0045338778226683,CINCINNATI FINANCIAL CORP,Growth,International Shares,Global Shares,Global Shares,Financials - 40,NASDAQ Stock Market,USD,United States,,Property & Casualty Insurance - 40301040,World Large Blend Equity,International Equities - Unhedged,IEQStock
0.004695401831183276,WALGREEN BOOTS ALLIANCE INC,Growth,International Shares,Global Shares,Global Shares,Consumer Staples - 30,NASDAQ Stock Market,USD,United States,,Drug Retail - 30101010,World Large Blend Equity,International Equities - Unhedged,IEQStock
0.0046941715405548964,PRINCIPAL FINANCIAL GROUP INC,Growth,International Shares,Global Shares,Global Shares,Financials - 40,NASDAQ Stock Market,USD,United States,,Life & Health Insurance - 40301020,World Large Blend Equity,International Equities - Unhedged,IEQStock
0.005203449358063527,FIRST SOLAR INC,Growth,International Shares,Global Shares,Global Shares,Information Technology - 45,NASDAQ Stock Market,USD,United States,,Semiconductors - 45301020,World Large Blend Equity,International Equities - Unhedged,IEQStock
0.0036174851006323277,AXON ENTERPRISE INC,Growth,International Shares,Global Shares,Global Shares,Industrials - 20,NASDAQ Stock Market,USD,United States,,Aerospace & Defense - 20101010,World Large Blend Equity,International Equities - Unhedged,IEQStock
0.004126464235833393,HUNTINGTON BANCSHARES INC,Growth,International Shares,Global Shares,Global Shares,Financials - 40,NASDAQ Stock Market,USD,United States,,Regional Banks - 40101015,World Large Blend Equity,International Equities - Unhedged,IEQStock
0.004746906839805512,NORTHERN TRUST CORP,Growth,International Shares,Global Shares,Global Shares,Financials - 40,NASDAQ Stock Market,USD,United States,,Asset Management & Custody Banks - 40203010,World Large Blend Equity,International Equities - Unhedged,IEQStock
0.0037826792060200757,JB HUNT TRANSPORT SERVICES INC,Growth,International Shares,Global Shares,Global Shares,Industrials - 20,NASDAQ Stock Market,USD,United States,,Cargo Ground Transportation - 20304030,World Large Blend Equity,International Equities - Unhedged,IEQStock
0.0028032334387130624,SKYWORKS SOLUTIONS INC,Growth,International Shares,Global Shares,Global Shares,Information Technology - 45,NASDAQ Stock Market,USD,United States,,Semiconductors - 45301020,World Large Blend Equity,International Equities - Unhedged,IEQStock
0.003072635159370918,ALIGN TECHNOLOGY INC,Growth,International Shares,Global Shares,Global Shares,Health Care - 35,NASDAQ Stock Market,USD,United States,,Health Care Supplies - 35101020,World Large Blend Equity,International Equities - Unhedged,IEQStock
0.01149764060642283,WESTERN DIGITAL CORP,Growth,International Shares,Global Shares,Global Shares,Information Technology - 45,NASDAQ Stock Market,USD,United States,,"Tech Hardware, Storage & Peripherals - 45202030",World Large Blend Equity,International Equities - Unhedged,IEQStock
0.002299122075396577,POOL CORP,Growth,International Shares,Global Shares,Global Shares,Consumer Discretionary - 25,NASDAQ Stock Market,USD,United States,,Distributors - 25501010,World Large Blend Equity,International Equities - Unhedged,IEQStock
0.0032827681484662845,ALLIANT ENERGY CORP,Growth,International Shares,Global Shares,Global Shares,Utilities - 55,NASDAQ Stock Market,USD,United States,,Electric Utilities - 55101010,World Large Blend Equity,International Equities - Unhedged,IEQStock
0.00224030218962423,LKQ CORP,Growth,International Shares,Global Shares,Global Shares,Consumer Discretionary - 25,NASDAQ Stock Market,USD,United States,,Distributors - 25501010,World Large Blend Equity,International Equities - Unhedged,IEQStock
0.003307009736330477,NORDSON CORP,Growth,International Shares,Global Shares,Global Shares,Industrials - 20,NASDAQ Stock Market,USD,United States,,Industrial Machinery & Supplies & Components - 20106020,World Large Blend Equity,International Equities - Unhedged,IEQStock
0.003052598119848755,HOST HOTELS & RESORTS REIT INC,Growth,International Shares,Global Shares,Global Shares,Real Estate - 60,NASDAQ Stock Market,USD,United States,,Hotel & Resort REITs - 60103010,World Large Blend Equity,International Equities - Unhedged,IEQStock
0.0033140028864355347,EVERGY INC,Growth,International Shares,Global Shares,Global Shares,Utilities - 55,NASDAQ Stock Market,USD,United States,,Electric Utilities - 55101010,World Large Blend Equity,International Equities - Unhedged,IEQStock
0.0037413218668532065,INSULET CORP,Growth,International Shares,Global Shares,Global Shares,Health Care - 35,NASDAQ Stock Market,USD,United States,,Health Care Equipment - 35101010,World Large Blend Equity,International Equities - Unhedged,IEQStock
0.002696373822014557,VIATRIS INC,Growth,International Shares,Global Shares,Global Shares,Health Care - 35,NASDAQ Stock Market,USD,United States,,Pharmaceuticals - 35202010,World Large Blend Equity,International Equities - Unhedged,IEQStock
0.001342618179298313,ENPHASE ENERGY INC,Growth,International Shares,Global Shares,Global Shares,Information Technology - 45,NASDAQ Stock Market,USD,United States,,Semiconductor Materials & Equipment - 45301010,World Large Blend Equity,International Equities - Unhedged,IEQStock
0.0018213756345799295,ZEBRA TECHNOLOGIES CORP CLASS A,Growth,International Shares,Global Shares,Global Shares,Information Technology - 45,NASDAQ Stock Market,USD,United States,,Electronic Equipment & Instruments - 45203010,World Large Blend Equity,International Equities - Unhedged,IEQStock
0.0029265453949161003,GEN DIGITAL INC,Growth,International Shares,Global Shares,Global Shares,Information Technology - 45,NASDAQ Stock Market,USD,United States,,Systems Software - 45103020,World Large Blend Equity,International Equities - Unhedged,IEQStock
0.003218727095513907,TRIMBLE INC,Growth,International Shares,Global Shares,Global Shares,Information Technology - 45,NASDAQ Stock Market,USD,United States,,Electronic Equipment & Instruments - 45203010,World Large Blend Equity,International Equities - Unhedged,IEQStock
0.0026626546381971544,JACK HENRY AND ASSOCIATES INC,Growth,International Shares,Global Shares,Global Shares,Financials - 40,NASDAQ Stock Market,USD,United States,,Transaction & Payment Processing Services - 40201060,World Large Blend Equity,International Equities - Unhedged,IEQStock
0.003844054745414108,INCYTE CORP,Growth,International Shares,Global Shares,Global Shares,Health Care - 35,NASDAQ Stock Market,USD,United States,,Biotechnology - 35201010,World Large Blend Equity,International Equities - Unhedged,IEQStock
0.002248328383617197,REGENCY CENTERS REIT CORP,Growth,International Shares,Global Shares,Global Shares,Real Estate - 60,NASDAQ Stock Market,USD,United States,,Retail REITs - 60107010,World Large Blend Equity,International Equities - Unhedged,IEQStock
0.0034060725013105356,CH ROBINSON WORLDWIDE INC,Growth,International Shares,Global Shares,Global Shares,Industrials - 20,NASDAQ Stock Market,USD,United States,,Air Freight & Logistics - 20301010,World Large Blend Equity,International Equities - Unhedged,IEQStock
0.0014919233493761621,CAESARS ENTERTAINMENT INC,Growth,International Shares,Global Shares,Global Shares,Consumer Discretionary - 25,NASDAQ Stock Market,USD,United States,,Casinos & Gaming - 25301010,World Large Blend Equity,International Equities - Unhedged,IEQStock
0.00222173595485145,BIO TECHNE CORP,Growth,International Shares,Global Shares,Global Shares,Health Care - 35,NASDAQ Stock Market,USD,United States,,Life Sciences Tools & Services - 35203010,World Large Blend Equity,International Equities - Unhedged,IEQStock
0.0023024825416728565,F5 INC,Growth,International Shares,Global Shares,Global Shares,Information Technology - 45,NASDAQ Stock Market,USD,United States,,Communications Equipment - 45201020,World Large Blend Equity,International Equities - Unhedged,IEQStock
0.0031924959598024203,WYNN RESORTS LTD,Growth,International Shares,Global Shares,Global Shares,Consumer Discretionary - 25,NASDAQ Stock Market,USD,United States,,Casinos & Gaming - 25301010,World Large Blend Equity,International Equities - Unhedged,IEQStock
0.002683205615135149,QORVO INC,Growth,International Shares,Global Shares,Global Shares,Information Technology - 45,NASDAQ Stock Market,USD,United States,,Semiconductors - 45301020,World Large Blend Equity,International Equities - Unhedged,IEQStock
0.002440814529561135,MATCH GROUP INC,Growth,International Shares,Global Shares,Global Shares,Communication Services - 50,NASDAQ Stock Market,USD,United States,,Interactive Media & Services - 50203010,World Large Blend Equity,International Equities - Unhedged,IEQStock
0.002391119553456945,HENRY SCHEIN INC,Growth,International Shares,Global Shares,Global Shares,Health Care - 35,NASDAQ Stock Market,USD,United States,,Health Care Distributors - 35102010,World Large Blend Equity,International Equities - Unhedged,IEQStock
0.0013609640544456375,MARKETAXESS HOLDINGS INC,Growth,International Shares,Global Shares,Global Shares,Financials - 40,NASDAQ Stock Market,USD,United States,,Financial Exchanges & Data - 40203040,World Large Blend Equity,International Equities - Unhedged,IEQStock
0.0019564878699594624,NEWS CORP CLASS A,Growth,International Shares,Global Shares,Global Shares,Communication Services - 50,NASDAQ Stock Market,USD,United States,,Publishing - 50201040,World Large Blend Equity,International Equities - Unhedged,IEQStock
0.0017246084487554853,ETSY INC,Growth,International Shares,Global Shares,Global Shares,Consumer Discretionary - 25,NASDAQ Stock Market,USD,United States,,Broadline Retail - 25503030,World Large Blend Equity,International Equities - Unhedged,IEQStock
0.0026456359812163585,FOX CORP CLASS A,Growth,International Shares,Global Shares,Global Shares,Communication Services - 50,NASDAQ Stock Market,USD,United States,,Broadcasting - 50201020,World Large Blend Equity,International Equities - Unhedged,IEQStock
0.0018304002576756677,PARAMOUNT GLOBAL CLASS B,Growth,International Shares,Global Shares,Global Shares,Communication Services - 50,NASDAQ Stock Market,USD,United States,,Broadcasting - 50201020,World Large Blend Equity,International Equities - Unhedged,IEQStock
0.0010068475268511059,FOX CORP CLASS B,Growth,International Shares,Global Shares,Global Shares,Communication Services - 50,NASDAQ Stock Market,USD,United States,,Broadcasting - 50201020,World Large Blend Equity,International Equities - Unhedged,IEQStock
0.7344884085593861,MICROSOFT CORP,Growth,International Shares,Global Shares,Global Shares,Information Technology - 45,NASDAQ Stock Market,USD,United States,,Systems Software - 45103020,World Large Blend Equity,International Equities - Unhedged,IEQStock
0.719811590688467,APPLE INC,Growth,International Shares,Global Shares,Global Shares,Information Technology - 45,NASDAQ Stock Market,USD,United States,,"Tech Hardware, Storage & Peripherals - 45202030",World Large Blend Equity,International Equities - Unhedged,IEQStock
0.34352103591605265,AMAZON COM INC,Growth,International Shares,Global Shares,Global Shares,Consumer Discretionary - 25,NASDAQ Stock Market,USD,United States,,Broadline Retail - 25503030,World Large Blend Equity,International Equities - Unhedged,IEQStock
0.4491454052115597,NVIDIA CORP,Growth,International Shares,Global Shares,Global Shares,Information Technology - 45,NASDAQ Stock Market,USD,United States,,Semiconductors - 45301020,World Large Blend Equity,International Equities - Unhedged,IEQStock
0.3151419246205117,ALPHABET INC CLASS A,Growth,International Shares,Global Shares,Global Shares,Communication Services - 50,NASDAQ Stock Market,USD,United States,,Interactive Media & Services - 50203010,World Large Blend Equity,International Equities - Unhedged,IEQStock
0.21515818393363906,META PLATFORMS INC CLASS A,Growth,International Shares,Global Shares,Global Shares,Communication Services - 50,NASDAQ Stock Market,USD,United States,,Interactive Media & Services - 50203010,World Large Blend Equity,International Equities - Unhedged,IEQStock
0.2791127480090763,ALPHABET INC CLASS C,Growth,International Shares,Global Shares,Global Shares,Communication Services - 50,NASDAQ Stock Market,USD,United States,,Interactive Media & Services - 50203010,World Large Blend Equity,International Equities - Unhedged,IEQStock
0.12778332340168036,TESLA INC,Growth,International Shares,Global Shares,Global Shares,Consumer Discretionary - 25,NASDAQ Stock Market,USD,United States,,Automobile Manufacturers - 25102010,World Large Blend Equity,International Equities - Unhedged,IEQStock
0.2040918878064814,BROADCOM INC,Growth,International Shares,Global Shares,Global Shares,Information Technology - 45,NASDAQ Stock Market,USD,United States,,Semiconductors - 45301020,World Large Blend Equity,International Equities - Unhedged,IEQStock
0.045399601933901405,ADOBE INC,Growth,International Shares,Global Shares,Global Shares,Information Technology - 45,NASDAQ Stock Market,USD,United States,,Application Software - 45103010,World Large Blend Equity,International Equities - Unhedged,IEQStock
0.06878452049392832,COSTCO WHOLESALE CORP,Growth,International Shares,Global Shares,Global Shares,Consumer Staples - 30,NASDAQ Stock Market,USD,United States,,Consumer Staples Merchandise Retail - 30101040,World Large Blend Equity,International Equities - Unhedged,IEQStock
0.050826056888694154,PEPSICO INC,Growth,International Shares,Global Shares,Global Shares,Consumer Staples - 30,NASDAQ Stock Market,USD,United States,,Soft Drinks & Non-alcoholic Beverages - 30201030,World Large Blend Equity,International Equities - Unhedged,IEQStock
0.059285889012139686,CISCO SYSTEMS INC,Growth,International Shares,Global Shares,Global Shares,Information Technology - 45,NASDAQ Stock Market,USD,United States,,Communications Equipment - 45201020,World Large Blend Equity,International Equities - Unhedged,IEQStock
0.06764956737124482,NETFLIX INC,Growth,International Shares,Global Shares,Global Shares,Communication Services - 50,NASDAQ Stock Market,USD,United States,,Movies & Entertainment - 50202010,World Large Blend Equity,International Equities - Unhedged,IEQStock
0.04342621441819181,LINDE PLC,Growth,International Shares,Global Shares,Global Shares,Materials - 15,NASDAQ Stock Market,USD,United States,,Industrial Gases - 15101040,World Large Blend Equity,International Equities - Unhedged,IEQStock
0.10940401214301602,ADVANCED MICRO DEVICES INC,Growth,International Shares,Global Shares,Global Shares,Information Technology - 45,NASDAQ Stock Market,USD,United States,,Semiconductors - 45301020,World Large Blend Equity,International Equities - Unhedged,IEQStock
0.030539168209463376,COMCAST CORP CLASS A,Growth,International Shares,Global Shares,Global Shares,Communication Services - 50,NASDAQ Stock Market,USD,United States,,Cable & Satellite - 50201030,World Large Blend Equity,International Equities - Unhedged,IEQStock
0.081844109263246,INTEL CORPORATION CORP,Growth,International Shares,Global Shares,Global Shares,Information Technology - 45,NASDAQ Stock Market,USD,United States,,Semiconductors - 45301020,World Large Blend Equity,International Equities - Unhedged,IEQStock
0.0499790375014269,AMGEN INC,Growth,International Shares,Global Shares,Global Shares,Health Care - 35,NASDAQ Stock Market,USD,United States,,Biotechnology - 35201010,World Large Blend Equity,International Equities - Unhedged,IEQStock
0.040019650197889244,INTUIT INC,Growth,International Shares,Global Shares,Global Shares,Information Technology - 45,NASDAQ Stock Market,USD,United States,,Application Software - 45103010,World Large Blend Equity,International Equities - Unhedged,IEQStock
0.040664463192049846,QUALCOMM INC,Growth,International Shares,Global Shares,Global Shares,Information Technology - 45,NASDAQ Stock Market,USD,United States,,Semiconductors - 45301020,World Large Blend Equity,International Equities - Unhedged,IEQStock
0.029259723025802403,TEXAS INSTRUMENT INC,Growth,International Shares,Global Shares,Global Shares,Information Technology - 45,NASDAQ Stock Market,USD,United States,,Semiconductors - 45301020,World Large Blend Equity,International Equities - Unhedged,IEQStock
0.02720114089274469,HONEYWELL INTERNATIONAL INC,Growth,International Shares,Global Shares,Global Shares,Industrials - 20,NASDAQ Stock Market,USD,United States,,Industrial Conglomerates - 20105010,World Large Blend Equity,International Equities - Unhedged,IEQStock
0.04779949951454878,APPLIED MATERIAL INC,Growth,International Shares,Global Shares,Global Shares,Information Technology - 45,NASDAQ Stock Market,USD,United States,,Semiconductor Materials & Equipment - 45301010,World Large Blend Equity,International Equities - Unhedged,IEQStock
0.02281553070967937,STARBUCKS CORP,Growth,International Shares,Global Shares,Global Shares,Consumer Discretionary - 25,NASDAQ Stock Market,USD,United States,,Restaurants - 25301040,World Large Blend Equity,International Equities - Unhedged,IEQStock
0.027774815366534658,BOOKING HOLDINGS INC,Growth,International Shares,Global Shares,Global Shares,Consumer Discretionary - 25,NASDAQ Stock Market,USD,United States,,"Hotels, Resorts & Cruise Lines - 25301020",World Large Blend Equity,International Equities - Unhedged,IEQStock
0.029791469622045753,GILEAD SCIENCES INC,Growth,International Shares,Global Shares,Global Shares,Health Care - 35,NASDAQ Stock Market,USD,United States,,Biotechnology - 35201010,World Large Blend Equity,International Equities - Unhedged,IEQStock
0.03274193814171514,INTUITIVE SURGICAL INC,Growth,International Shares,Global Shares,Global Shares,Health Care - 35,NASDAQ Stock Market,USD,United States,,Health Care Equipment - 35101010,World Large Blend Equity,International Equities - Unhedged,IEQStock
0.027012439741325906,VERTEX PHARMACEUTICALS INC,Growth,International Shares,Global Shares,Global Shares,Health Care - 35,NASDAQ Stock Market,USD,United States,,Biotechnology - 35201010,World Large Blend Equity,International Equities - Unhedged,IEQStock
0.022151197842527205,MONDELEZ INTERNATIONAL INC CLASS A,Growth,International Shares,Global Shares,Global Shares,Consumer Staples - 30,NASDAQ Stock Market,USD,United States,,Packaged Foods & Meats - 30202030,World Large Blend Equity,International Equities - Unhedged,IEQStock
0.01980203914230312,AUTOMATIC DATA PROCESSING INC,Growth,International Shares,Global Shares,Global Shares,Industrials - 20,NASDAQ Stock Market,USD,United States,,Human Resource & Employment Services - 20202010,World Large Blend Equity,International Equities - Unhedged,IEQStock
0.02472071960666224,REGENERON PHARMACEUTICALS INC,Growth,International Shares,Global Shares,Global Shares,Health Care - 35,NASDAQ Stock Market,USD,United States,,Biotechnology - 35201010,World Large Blend Equity,International Equities - Unhedged,IEQStock
0.05283957069215376,LAM RESEARCH CORP,Growth,International Shares,Global Shares,Global Shares,Information Technology - 45,NASDAQ Stock Market,USD,United States,,Semiconductor Materials & Equipment - 45301010,World Large Blend Equity,International Equities - Unhedged,IEQStock
0.026828002741551758,ANALOG DEVICES INC,Growth,International Shares,Global Shares,Global Shares,Information Technology - 45,NASDAQ Stock Market,USD,United States,,Semiconductors - 45301020,World Large Blend Equity,International Equities - Unhedged,IEQStock
0.059314015355746735,MICRON TECHNOLOGY INC,Growth,International Shares,Global Shares,Global Shares,Information Technology - 45,NASDAQ Stock Market,USD,United States,,Semiconductors - 45301020,World Large Blend Equity,International Equities - Unhedged,IEQStock
0.020088224808514663,CME GROUP INC CLASS A,Growth,International Shares,Global Shares,Global Shares,Financials - 40,NASDAQ Stock Market,USD,United States,,Financial Exchanges & Data - 40203040,World Large Blend Equity,International Equities - Unhedged,IEQStock
0.01811455903936418,T MOBILE US INC,Growth,International Shares,Global Shares,Global Shares,Communication Services - 50,NASDAQ Stock Market,USD,United States,,Wireless Telecommunication Services - 50102010,World Large Blend Equity,International Equities - Unhedged,IEQStock
0.015638429406669832,SYNOPSYS INC,Growth,International Shares,Global Shares,Global Shares,Information Technology - 45,NASDAQ Stock Market,USD,United States,,Application Software - 45103010,World Large Blend Equity,International Equities - Unhedged,IEQStock
0.0244696838799925,PALO ALTO NETWORKS INC,Growth,International Shares,Global Shares,Global Shares,Information Technology - 45,NASDAQ Stock Market,USD,United States,,Systems Software - 45103020,World Large Blend Equity,International Equities - Unhedged,IEQStock
0.013903057340476964,EQUINIX REIT INC,Growth,International Shares,Global Shares,Global Shares,Real Estate - 60,NASDAQ Stock Market,USD,United States,,Data Center REITs - 60108050,World Large Blend Equity,International Equities - Unhedged,IEQStock
0.01820876842814842,CADENCE DESIGN SYSTEMS INC,Growth,International Shares,Global Shares,Global Shares,Information Technology - 45,NASDAQ Stock Market,USD,United States,,Application Software - 45103010,World Large Blend Equity,International Equities - Unhedged,IEQStock
0.0338402046410868,KLA CORP,Growth,International Shares,Global Shares,Global Shares,Information Technology - 45,NASDAQ Stock Market,USD,United States,,Semiconductor Materials & Equipment - 45301010,World Large Blend Equity,International Equities - Unhedged,IEQStock
0.017594929868135403,CSX CORP,Growth,International Shares,Global Shares,Global Shares,Industrials - 20,NASDAQ Stock Market,USD,United States,,Rail Transportation - 20304010,World Large Blend Equity,International Equities - Unhedged,IEQStock
0.010533114975203248,PAYPAL HOLDINGS INC,Growth,International Shares,Global Shares,Global Shares,Financials - 40,NASDAQ Stock Market,USD,United States,,Transaction & Payment Processing Services - 40201060,World Large Blend Equity,International Equities - Unhedged,IEQStock
0.017792968015245884,OREILLY AUTOMOTIVE INC,Growth,International Shares,Global Shares,Global Shares,Consumer Discretionary - 25,NASDAQ Stock Market,USD,United States,,Automotive Retail - 25504050,World Large Blend Equity,International Equities - Unhedged,IEQStock
0.011066799399571002,ROPER TECHNOLOGIES INC,Growth,International Shares,Global Shares,Global Shares,Information Technology - 45,NASDAQ Stock Market,USD,United States,,Application Software - 45103010,World Large Blend Equity,International Equities - Unhedged,IEQStock
0.012289356054805228,AIRBNB INC CLASS A,Growth,International Shares,Global Shares,Global Shares,Consumer Discretionary - 25,NASDAQ Stock Market,USD,United States,,"Hotels, Resorts & Cruise Lines - 25301020",World Large Blend Equity,International Equities - Unhedged,IEQStock
0.014879251879010675,MARRIOTT INTERNATIONAL INC CLASS A,Growth,International Shares,Global Shares,Global Shares,Consumer Discretionary - 25,NASDAQ Stock Market,USD,United States,,"Hotels, Resorts & Cruise Lines - 25301020",World Large Blend Equity,International Equities - Unhedged,IEQStock
0.011412708333420181,NXP SEMICONDUCTORS NV,Growth,International Shares,Global Shares,Global Shares,Information Technology - 45,NASDAQ Stock Market,USD,United States,,Semiconductors - 45301020,World Large Blend Equity,International Equities - Unhedged,IEQStock
0.005651999324107217,LULULEMON ATHLETICA INC,Growth,International Shares,Global Shares,Global Shares,Consumer Discretionary - 25,NASDAQ Stock Market,USD,United States,,"Apparel, Accessories & Luxury Goods - 25203010",World Large Blend Equity,International Equities - Unhedged,IEQStock
0.01266655240085096,CINTAS CORP,Growth,International Shares,Global Shares,Global Shares,Industrials - 20,NASDAQ Stock Market,USD,United States,,Diversified Support Services - 20201070,World Large Blend Equity,International Equities - Unhedged,IEQStock
0.0119201463760298,PACCAR INC,Growth,International Shares,Global Shares,Global Shares,Industrials - 20,NASDAQ Stock Market,USD,United States,,Construction Machinery & Heavy Transportation Equipment - 20106010,World Large Blend Equity,International Equities - Unhedged,IEQStock
0.012514494530558059,AUTODESK INC,Growth,International Shares,Global Shares,Global Shares,Information Technology - 45,NASDAQ Stock Market,USD,United States,,Application Software - 45103010,World Large Blend Equity,International Equities - Unhedged,IEQStock
0.004698899762226067,CHARTER COMMUNICATIONS INC CLASS A,Growth,International Shares,Global Shares,Global Shares,Communication Services - 50,NASDAQ Stock Market,USD,United States,,Cable & Satellite - 50201030,World Large Blend Equity,International Equities - Unhedged,IEQStock
0.01239253945644325,ROSS STORES INC,Growth,International Shares,Global Shares,Global Shares,Consumer Discretionary - 25,NASDAQ Stock Market,USD,United States,,Apparel Retail - 25504010,World Large Blend Equity,International Equities - Unhedged,IEQStock
0.01381299861591007,MONSTER BEVERAGE CORP,Growth,International Shares,Global Shares,Global Shares,Consumer Staples - 30,NASDAQ Stock Market,USD,United States,,Soft Drinks & Non-alcoholic Beverages - 30201030,World Large Blend Equity,International Equities - Unhedged,IEQStock
0.009747908569695877,MICROCHIP TECHNOLOGY INC,Growth,International Shares,Global Shares,Global Shares,Information Technology - 45,NASDAQ Stock Market,USD,United States,,Semiconductors - 45301020,World Large Blend Equity,International Equities - Unhedged,IEQStock
0.01214459876221474,AMERICAN ELECTRIC POWER INC,Growth,International Shares,Global Shares,Global Shares,Utilities - 55,NASDAQ Stock Market,USD,United States,,Electric Utilities - 55101010,World Large Blend Equity,International Equities - Unhedged,IEQStock
0.006309029743164272,COPART INC,Growth,International Shares,Global Shares,Global Shares,Industrials - 20,NASDAQ Stock Market,USD,United States,,Diversified Support Services - 20201070,World Large Blend Equity,International Equities - Unhedged,IEQStock
0.009746117936454395,EXELON CORP,Growth,International Shares,Global Shares,Global Shares,Utilities - 55,NASDAQ Stock Market,USD,United States,,Electric Utilities - 55101010,World Large Blend Equity,International Equities - Unhedged,IEQStock
0.014327680667255973,CONSTELLATION ENERGY CORP,Growth,International Shares,Global Shares,Global Shares,Utilities - 55,NASDAQ Stock Market,USD,United States,,Electric Utilities - 55101010,World Large Blend Equity,International Equities - Unhedged,IEQStock
0.008629362807382128,DEXCOM INC,Growth,International Shares,Global Shares,Global Shares,Health Care - 35,NASDAQ Stock Market,USD,United States,,Health Care Equipment - 35101010,World Large Blend Equity,International Equities - Unhedged,IEQStock
0.007032352469720684,PAYCHEX INC,Growth,International Shares,Global Shares,Global Shares,Industrials - 20,NASDAQ Stock Market,USD,United States,,Human Resource & Employment Services - 20202010,World Large Blend Equity,International Equities - Unhedged,IEQStock
0.009494351887175335,BIOGEN INC,Growth,International Shares,Global Shares,Global Shares,Health Care - 35,NASDAQ Stock Market,USD,United States,,Biotechnology - 35201010,World Large Blend Equity,International Equities - Unhedged,IEQStock
0.006617164445442185,OLD DOMINION FREIGHT LINE INC,Growth,International Shares,Global Shares,Global Shares,Industrials - 20,NASDAQ Stock Market,USD,United States,,Cargo Ground Transportation - 20304030,World Large Blend Equity,International Equities - Unhedged,IEQStock
0.017449525315681502,IDEXX LABORATORIES INC,Growth,International Shares,Global Shares,Global Shares,Health Care - 35,NASDAQ Stock Market,USD,United States,,Health Care Equipment - 35101010,World Large Blend Equity,International Equities - Unhedged,IEQStock
0.007919457983606177,BAKER HUGHES CLASS A,Growth,International Shares,Global Shares,Global Shares,Energy - 10,NASDAQ Stock Market,USD,United States,,Oil & Gas Equipment & Services - 10101020,World Large Blend Equity,International Equities - Unhedged,IEQStock
0.006433490773514994,VERISK ANALYTICS INC,Growth,International Shares,Global Shares,Global Shares,Industrials - 20,NASDAQ Stock Market,USD,United States,,Research & Consulting Services - 20202020,World Large Blend Equity,International Equities - Unhedged,IEQStock
0.009858750086620903,FASTENAL,Growth,International Shares,Global Shares,Global Shares,Industrials - 20,NASDAQ Stock Market,USD,United States,,Trading Companies & Distributors - 20107010,World Large Blend Equity,International Equities - Unhedged,IEQStock
0.008825365952932523,COGNIZANT TECHNOLOGY SOLUTIONS COR,Growth,International Shares,Global Shares,Global Shares,Information Technology - 45,NASDAQ Stock Market,USD,United States,,IT Consulting & Other Services - 45102010,World Large Blend Equity,International Equities - Unhedged,IEQStock
0.009019405334083479,XCEL ENERGY INC,Growth,International Shares,Global Shares,Global Shares,Utilities - 55,NASDAQ Stock Market,USD,United States,,Electric Utilities - 55101010,World Large Blend Equity,International Equities - Unhedged,IEQStock
0.008309090071027087,FORTINET INC,Growth,International Shares,Global Shares,Global Shares,Information Technology - 45,NASDAQ Stock Market,USD,United States,,Systems Software - 45103020,World Large Blend Equity,International Equities - Unhedged,IEQStock
0.011014213118031514,ELECTRONIC ARTS INC,Growth,International Shares,Global Shares,Global Shares,Communication Services - 50,NASDAQ Stock Market,USD,United States,,Interactive Home Entertainment - 50202020,World Large Blend Equity,International Equities - Unhedged,IEQStock
0.0070323246670443255,ARCH CAPITAL GROUP LTD,Growth,International Shares,Global Shares,Global Shares,Financials - 40,NASDAQ Stock Market,USD,United States,,Property & Casualty Insurance - 40301040,World Large Blend Equity,International Equities - Unhedged,IEQStock
0.007315801296132406,COSTAR GROUP INC,Growth,International Shares,Global Shares,Global Shares,Real Estate - 60,NASDAQ Stock Market,USD,United States,,Real Estate Services - 60201040,World Large Blend Equity,International Equities - Unhedged,IEQStock
0.00642245968058582,KEURIG DR PEPPER INC,Growth,International Shares,Global Shares,Global Shares,Consumer Staples - 30,NASDAQ Stock Market,USD,United States,,Soft Drinks & Non-alcoholic Beverages - 30201030,World Large Blend Equity,International Equities - Unhedged,IEQStock
0.005456210660654831,ON SEMICONDUCTOR CORP,Growth,International Shares,Global Shares,Global Shares,Information Technology - 45,NASDAQ Stock Market,USD,United States,,Semiconductors - 45301020,World Large Blend Equity,International Equities - Unhedged,IEQStock
0.005423588479305483,DIAMONDBACK ENERGY INC,Growth,International Shares,Global Shares,Global Shares,Energy - 10,NASDAQ Stock Market,USD,United States,,Oil & Gas Exploration & Production - 10102020,World Large Blend Equity,International Equities - Unhedged,IEQStock
0.00563100098910062,CDW CORP,Growth,International Shares,Global Shares,Global Shares,Information Technology - 45,NASDAQ Stock Market,USD,United States,,Technology Distributors - 45203030,World Large Blend Equity,International Equities - Unhedged,IEQStock
0.006852509539898671,GE HEALTHCARE TECHNOLOGIES INC,Growth,International Shares,Global Shares,Global Shares,Health Care - 35,NASDAQ Stock Market,USD,United States,,Health Care Equipment - 35101010,World Large Blend Equity,International Equities - Unhedged,IEQStock
0.005973001010349029,KRAFT HEINZ,Growth,International Shares,Global Shares,Global Shares,Consumer Staples - 30,NASDAQ Stock Market,USD,United States,,Packaged Foods & Meats - 30202030,World Large Blend Equity,International Equities - Unhedged,IEQStock
0.011897304912342229,WARNER BROS. DISCOVERY INC SERIES,Growth,International Shares,Global Shares,Global Shares,Communication Services - 50,NASDAQ Stock Market,USD,United States,,Movies & Entertainment - 50202010,World Large Blend Equity,International Equities - Unhedged,IEQStock
0.005962146022163609,WILLIS TOWERS WATSON PLC,Growth,International Shares,Global Shares,Global Shares,Financials - 40,NASDAQ Stock Market,USD,United States,,Insurance Brokers - 40301010,World Large Blend Equity,International Equities - Unhedged,IEQStock
0.006640316508824253,ANSYS INC,Growth,International Shares,Global Shares,Global Shares,Information Technology - 45,NASDAQ Stock Market,USD,United States,,Application Software - 45103010,World Large Blend Equity,International Equities - Unhedged,IEQStock
0.004563466447837848,MODERNA INC,Growth,International Shares,Global Shares,Global Shares,Health Care - 35,NASDAQ Stock Market,USD,United States,,Biotechnology - 35201010,World Large Blend Equity,International Equities - Unhedged,IEQStock
0.008993670313370013,DOLLAR TREE INC,Growth,International Shares,Global Shares,Global Shares,Consumer Staples - 30,NASDAQ Stock Market,USD,United States,,Consumer Staples Merchandise Retail - 30101040,World Large Blend Equity,International Equities - Unhedged,IEQStock
0.005152238352767583,SBA COMMUNICATIONS REIT CORP CLASS,Growth,International Shares,Global Shares,Global Shares,Real Estate - 60,NASDAQ Stock Market,USD,United States,,Telecom Tower REITs - 60108030,World Large Blend Equity,International Equities - Unhedged,IEQStock
0.00967066268945163,MONOLITHIC POWER SYSTEMS INC,Growth,International Shares,Global Shares,Global Shares,Information Technology - 45,NASDAQ Stock Market,USD,United States,,Semiconductors - 45301020,World Large Blend Equity,International Equities - Unhedged,IEQStock
0.006538773657207962,EBAY INC,Growth,International Shares,Global Shares,Global Shares,Consumer Discretionary - 25,NASDAQ Stock Market,USD,United States,,Broadline Retail - 25503030,World Large Blend Equity,International Equities - Unhedged,IEQStock
0.00836845863981673,TAKE TWO INTERACTIVE SOFTWARE INC,Growth,International Shares,Global Shares,Global Shares,Communication Services - 50,NASDAQ Stock Market,USD,United States,,Interactive Home Entertainment - 50202020,World Large Blend Equity,International Equities - Unhedged,IEQStock
0.0033614236751947834,CHECK POINT SOFTWARE TECHNOLOGIES,Growth,International Shares,Global Shares,Global Shares,Information Technology - 45,NASDAQ Stock Market,USD,Israel,,Systems Software - 45103020,World Large Blend Equity,International Equities - Unhedged,IEQStock
0.003789619832732819,COCA COLA EUROPACIFIC PARTNERS PLC,Growth,International Shares,Global Shares,Global Shares,Consumer Staples - 30,NASDAQ Stock Market,USD,Netherlands,,Soft Drinks & Non-alcoholic Beverages - 30201030,World Large Blend Equity,International Equities - Unhedged,IEQStock
0.0030159284013139046,CYBER ARK SOFTWARE LTD,Growth,International Shares,Global Shares,Global Shares,Information Technology - 45,NASDAQ Stock Market,USD,Israel,,Systems Software - 45103020,World Large Blend Equity,International Equities - Unhedged,IEQStock
0.0014967652038736703,GRAB HOLDINGS LTD CLASS A,Growth,International Shares,Global Shares,Global Shares,Industrials - 20,NASDAQ Stock Market,USD,Singapore,,Passenger Ground Transportation - 20304040,World Large Blend Equity,International Equities - Unhedged,IEQStock
0.0006876834951993323,WIX.COM LTD,Growth,International Shares,Global Shares,Global Shares,Information Technology - 45,NASDAQ Stock Market,USD,Israel,,Internet Services & Infrastructure - 45102030,World Large Blend Equity,International Equities - Unhedged,IEQStock
0.0012911547051583441,FUTU HOLDINGS ADR LTD,Growth,International Shares,Global Shares,Global Shares,Financials - 40,NASDAQ Stock Market,USD,Hong Kong,,Investment Banking & Brokerage - 40203020,World Large Blend Equity,International Equities - Unhedged,IEQStock
0.0005934721777851317,GLOBAL E ONLINE LTD,Growth,International Shares,Global Shares,Global Shares,Consumer Discretionary - 25,NASDAQ Stock Market,USD,Israel,,Broadline Retail - 25503030,World Large Blend Equity,International Equities - Unhedged,IEQStock
0.0007509054974971394,MONDAYCOM LTD,Growth,International Shares,Global Shares,Global Shares,Information Technology - 45,NASDAQ Stock Market,USD,Israel,,Systems Software - 45103020,World Large Blend Equity,International Equities - Unhedged,IEQStock
0.00661925240115013,APTIV PLC,Growth,International Shares,Global Shares,Global Shares,Consumer Discretionary - 25,New York Stock Exchange Inc.,USD,United States,,Automotive Parts & Equipment - 25101010,World Large Blend Equity,International Equities - Unhedged,IEQStock
0.006255672059701174,DISCOVER FINANCIAL SERVICES,Growth,International Shares,Global Shares,Global Shares,Financials - 40,New York Stock Exchange Inc.,USD,United States,,Consumer Finance - 40202010,World Large Blend Equity,International Equities - Unhedged,IEQStock
0.006424813715827142,STATE STREET CORP,Growth,International Shares,Global Shares,Global Shares,Financials - 40,New York Stock Exchange Inc.,USD,United States,,Asset Management & Custody Banks - 40203010,World Large Blend Equity,International Equities - Unhedged,IEQStock
0.01042144672488851,CORNING INC,Growth,International Shares,Global Shares,Global Shares,Information Technology - 45,New York Stock Exchange Inc.,USD,United States,,Electronic Components - 45203015,World Large Blend Equity,International Equities - Unhedged,IEQStock
0.005442539489722971,BROADRIDGE FINANCIAL SOLUTIONS INC,Growth,International Shares,Global Shares,Global Shares,Industrials - 20,New York Stock Exchange Inc.,USD,United States,,Data Processing & Outsourced Services - 20202030,World Large Blend Equity,International Equities - Unhedged,IEQStock
0.0044073197678057814,COTERRA ENERGY INC,Growth,International Shares,Global Shares,Global Shares,Energy - 10,New York Stock Exchange Inc.,USD,United States,,Oil & Gas Exploration & Production - 10102020,World Large Blend Equity,International Equities - Unhedged,IEQStock
0.0060479840827751385,ENTERGY CORP,Growth,International Shares,Global Shares,Global Shares,Utilities - 55,New York Stock Exchange Inc.,USD,United States,,Electric Utilities - 55101010,World Large Blend Equity,International Equities - Unhedged,IEQStock
0.004864052199710159,AMEREN CORP,Growth,International Shares,Global Shares,Global Shares,Utilities - 55,New York Stock Exchange Inc.,USD,United States,,Multi-Utilities - 55103010,World Large Blend Equity,International Equities - Unhedged,IEQStock
0.0023842792211163626,MOLINA HEALTHCARE INC,Growth,International Shares,Global Shares,Global Shares,Health Care - 35,New York Stock Exchange Inc.,USD,United States,,Managed Health Care - 35102030,World Large Blend Equity,International Equities - Unhedged,IEQStock
0.0044795519674126465,HEWLETT PACKARD ENTERPRISE,Growth,International Shares,Global Shares,Global Shares,Information Technology - 45,New York Stock Exchange Inc.,USD,United States,,"Tech Hardware, Storage & Peripherals - 45202030",World Large Blend Equity,International Equities - Unhedged,IEQStock
0.005225500939000447,M&T BANK CORP,Growth,International Shares,Global Shares,Global Shares,Financials - 40,New York Stock Exchange Inc.,USD,United States,,Regional Banks - 40101015,World Large Blend Equity,International Equities - Unhedged,IEQStock
0.004971259740244883,EVERSOURCE ENERGY,Growth,International Shares,Global Shares,Global Shares,Utilities - 55,New York Stock Exchange Inc.,USD,United States,,Electric Utilities - 55101010,World Large Blend Equity,International Equities - Unhedged,IEQStock
0.005842061730705477,WESTINGHOUSE AIR BRAKE TECHNOLOGIE,Growth,International Shares,Global Shares,Global Shares,Industrials - 20,New York Stock Exchange Inc.,USD,United States,,Construction Machinery & Heavy Transportation Equipment - 20106010,World Large Blend Equity,International Equities - Unhedged,IEQStock
0.004712687715492948,NVR INC,Growth,International Shares,Global Shares,Global Shares,Consumer Discretionary - 25,New York Stock Exchange Inc.,USD,United States,,Homebuilding - 25201030,World Large Blend Equity,International Equities - Unhedged,IEQStock
0.00398160483646487,TARGA RESOURCES CORP,Growth,International Shares,Global Shares,Global Shares,Energy - 10,New York Stock Exchange Inc.,USD,United States,,Oil & Gas Storage & Transportation - 10102040,World Large Blend Equity,International Equities - Unhedged,IEQStock
0.004949532863832473,PPL CORP,Growth,International Shares,Global Shares,Global Shares,Utilities - 55,New York Stock Exchange Inc.,USD,United States,,Electric Utilities - 55101010,World Large Blend Equity,International Equities - Unhedged,IEQStock
0.004971902979307575,GENUINE PARTS,Growth,International Shares,Global Shares,Global Shares,Consumer Discretionary - 25,New York Stock Exchange Inc.,USD,United States,,Distributors - 25501010,World Large Blend Equity,International Equities - Unhedged,IEQStock
0.009202553786630622,HOWMET AEROSPACE INC,Growth,International Shares,Global Shares,Global Shares,Industrials - 20,New York Stock Exchange Inc.,USD,United States,,Aerospace & Defense - 20101010,World Large Blend Equity,International Equities - Unhedged,IEQStock
0.004943747654894537,RAYMOND JAMES INC,Growth,International Shares,Global Shares,Global Shares,Financials - 40,New York Stock Exchange Inc.,USD,United States,,Investment Banking & Brokerage - 40203020,World Large Blend Equity,International Equities - Unhedged,IEQStock
0.005381574595368591,FIRSTENERGY CORP,Growth,International Shares,Global Shares,Global Shares,Utilities - 55,New York Stock Exchange Inc.,USD,United States,,Electric Utilities - 55101010,World Large Blend Equity,International Equities - Unhedged,IEQStock
0.004204843911668564,EQUITY RESIDENTIAL REIT,Growth,International Shares,Global Shares,Global Shares,Real Estate - 60,New York Stock Exchange Inc.,USD,United States,,Multi-Family Residential REITs  - 60106010,World Large Blend Equity,International Equities - Unhedged,IEQStock
0.00514340352026411,LABORATORY CORPORATION OF AMERICA,Growth,International Shares,Global Shares,Global Shares,Health Care - 35,New York Stock Exchange Inc.,USD,United States,,Health Care Services - 35102015,World Large Blend Equity,International Equities - Unhedged,IEQStock
0.0038045594257755384,INTERNATIONAL FLAVORS & FRAGRANCES,Growth,International Shares,Global Shares,Global Shares,Materials - 15,New York Stock Exchange Inc.,USD,United States,,Specialty Chemicals - 15101050,World Large Blend Equity,International Equities - Unhedged,IEQStock
0.004630238546760901,DOVER CORP,Growth,International Shares,Global Shares,Global Shares,Industrials - 20,New York Stock Exchange Inc.,USD,United States,,Industrial Machinery & Supplies & Components - 20106020,World Large Blend Equity,International Equities - Unhedged,IEQStock
0.006015901187082608,PULTEGROUP INC,Growth,International Shares,Global Shares,Global Shares,Consumer Discretionary - 25,New York Stock Exchange Inc.,USD,United States,,Homebuilding - 25201030,World Large Blend Equity,International Equities - Unhedged,IEQStock
0.003990758735347435,INVITATION HOMES INC,Growth,International Shares,Global Shares,Global Shares,Real Estate - 60,New York Stock Exchange Inc.,USD,United States,,Single-Family Residential REITs - 60106020,World Large Blend Equity,International Equities - Unhedged,IEQStock
0.004254173112285473,DARDEN RESTAURANTS INC,Growth,International Shares,Global Shares,Global Shares,Consumer Discretionary - 25,New York Stock Exchange Inc.,USD,United States,,Restaurants - 25301040,World Large Blend Equity,International Equities - Unhedged,IEQStock
0.004758462731050552,TELEDYNE TECHNOLOGIES INC,Growth,International Shares,Global Shares,Global Shares,Information Technology - 45,New York Stock Exchange Inc.,USD,United States,,Electronic Equipment & Instruments - 45203010,World Large Blend Equity,International Equities - Unhedged,IEQStock
0.005696823751866459,VENTAS REIT INC,Growth,International Shares,Global Shares,Global Shares,Real Estate - 60,New York Stock Exchange Inc.,USD,United States,,Health Care REITs - 60105010,World Large Blend Equity,International Equities - Unhedged,IEQStock
0.0038943879975290863,GARMIN LTD,Growth,International Shares,Global Shares,Global Shares,Consumer Discretionary - 25,New York Stock Exchange Inc.,USD,United States,,Consumer Electronics - 25201010,World Large Blend Equity,International Equities - Unhedged,IEQStock
0.0028071175665840458,BAXTER INTERNATIONAL INC,Growth,International Shares,Global Shares,Global Shares,Health Care - 35,New York Stock Exchange Inc.,USD,United States,,Health Care Equipment - 35101010,World Large Blend Equity,International Equities - Unhedged,IEQStock
0.0032819885697186724,TYLER TECHNOLOGIES INC,Growth,International Shares,Global Shares,Global Shares,Information Technology - 45,New York Stock Exchange Inc.,USD,United States,,Application Software - 45103010,World Large Blend Equity,International Equities - Unhedged,IEQStock
0.0036322165881044225,IRON MOUNTAIN INC,Growth,International Shares,Global Shares,Global Shares,Real Estate - 60,New York Stock Exchange Inc.,USD,United States,,Other Specialized REITs - 60108010,World Large Blend Equity,International Equities - Unhedged,IEQStock
0.004986436912954582,CENTERPOINT ENERGY INC,Growth,International Shares,Global Shares,Global Shares,Utilities - 55,New York Stock Exchange Inc.,USD,United States,,Multi-Utilities - 55103010,World Large Blend Equity,International Equities - Unhedged,IEQStock
0.002341176669379963,FACTSET RESEARCH SYSTEMS INC,Growth,International Shares,Global Shares,Global Shares,Financials - 40,New York Stock Exchange Inc.,USD,United States,,Financial Exchanges & Data - 40203040,World Large Blend Equity,International Equities - Unhedged,IEQStock
0.003908159032750506,JACOBS SOLUTIONS INC,Growth,International Shares,Global Shares,Global Shares,Industrials - 20,New York Stock Exchange Inc.,USD,United States,,Research & Consulting Services - 20202020,World Large Blend Equity,International Equities - Unhedged,IEQStock
0.0032702571398116526,BROWN & BROWN INC,Growth,International Shares,Global Shares,Global Shares,Financials - 40,New York Stock Exchange Inc.,USD,United States,,Insurance Brokers - 40301010,World Large Blend Equity,International Equities - Unhedged,IEQStock
0.0032386876548184704,EVEREST GROUP LTD,Growth,International Shares,Global Shares,Global Shares,Financials - 40,New York Stock Exchange Inc.,USD,United States,,Reinsurance - 40301050,World Large Blend Equity,International Equities - Unhedged,IEQStock
0.0026986061936757353,CLOROX,Growth,International Shares,Global Shares,Global Shares,Consumer Staples - 30,New York Stock Exchange Inc.,USD,United States,,Household Products - 30301010,World Large Blend Equity,International Equities - Unhedged,IEQStock
0.005568505867983631,EXPEDITORS INTERNATIONAL OF WASHIN,Growth,International Shares,Global Shares,Global Shares,Industrials - 20,New York Stock Exchange Inc.,USD,United States,,Air Freight & Logistics - 20301010,World Large Blend Equity,International Equities - Unhedged,IEQStock
0.004775113387138912,ATMOS ENERGY CORP,Growth,International Shares,Global Shares,Global Shares,Utilities - 55,New York Stock Exchange Inc.,USD,United States,,Gas Utilities - 55102010,World Large Blend Equity,International Equities - Unhedged,IEQStock
0.0034037692687331122,MCCORMICK & CO NON-VOTING INC,Growth,International Shares,Global Shares,Global Shares,Consumer Staples - 30,New York Stock Exchange Inc.,USD,United States,,Packaged Foods & Meats - 30202030,World Large Blend Equity,International Equities - Unhedged,IEQStock
0.004278007021918025,CMS ENERGY CORP,Growth,International Shares,Global Shares,Global Shares,Utilities - 55,New York Stock Exchange Inc.,USD,United States,,Multi-Utilities - 55103010,World Large Blend Equity,International Equities - Unhedged,IEQStock
0.005493148353626529,LAS VEGAS SANDS CORP,Growth,International Shares,Global Shares,Global Shares,Consumer Discretionary - 25,New York Stock Exchange Inc.,USD,United States,,Casinos & Gaming - 25301010,World Large Blend Equity,International Equities - Unhedged,IEQStock
0.0034903966017568407,BALL CORP,Growth,International Shares,Global Shares,Global Shares,Materials - 15,New York Stock Exchange Inc.,USD,United States,,"Metal, Glass & Plastic Containers - 15103010",World Large Blend Equity,International Equities - Unhedged,IEQStock
0.003659930304133794,BUNGE GLOBAL SA,Growth,International Shares,Global Shares,Global Shares,Consumer Staples - 30,New York Stock Exchange Inc.,USD,United States,,Agricultural Products & Services - 30202010,World Large Blend Equity,International Equities - Unhedged,IEQStock
0.0024444139213786174,ALEXANDRIA REAL ESTATE EQUITIES RE,Growth,International Shares,Global Shares,Global Shares,Real Estate - 60,New York Stock Exchange Inc.,USD,United States,,Office REITs - 60104010,World Large Blend Equity,International Equities - Unhedged,IEQStock
0.004599273633915533,WATERS CORP,Growth,International Shares,Global Shares,Global Shares,Health Care - 35,New York Stock Exchange Inc.,USD,United States,,Life Sciences Tools & Services - 35203010,World Large Blend Equity,International Equities - Unhedged,IEQStock
0.004016348804097018,VERALTO CORP,Growth,International Shares,Global Shares,Global Shares,Industrials - 20,New York Stock Exchange Inc.,USD,United States,,Environmental & Facilities Services - 20201050,World Large Blend Equity,International Equities - Unhedged,IEQStock
0.004118800897379509,TEXTRON INC,Growth,International Shares,Global Shares,Global Shares,Industrials - 20,New York Stock Exchange Inc.,USD,United States,,Aerospace & Defense - 20101010,World Large Blend Equity,International Equities - Unhedged,IEQStock
0.003357684147749015,OMNICOM GROUP INC,Growth,International Shares,Global Shares,Global Shares,Communication Services - 50,New York Stock Exchange Inc.,USD,United States,,Advertising - 50201010,World Large Blend Equity,International Equities - Unhedged,IEQStock
0.003013873119968243,CF INDUSTRIES HOLDINGS INC,Growth,International Shares,Global Shares,Global Shares,Materials - 15,New York Stock Exchange Inc.,USD,United States,,Fertilizers & Agricultural Chemicals - 15101030,World Large Blend Equity,International Equities - Unhedged,IEQStock
0.00415054945727881,HUBBELL INC,Growth,International Shares,Global Shares,Global Shares,Industrials - 20,New York Stock Exchange Inc.,USD,United States,,Electrical Components & Equipment - 20104010,World Large Blend Equity,International Equities - Unhedged,IEQStock
0.00405431256786843,QUEST DIAGNOSTICS INC,Growth,International Shares,Global Shares,Global Shares,Health Care - 35,New York Stock Exchange Inc.,USD,United States,,Health Care Services - 35102015,World Large Blend Equity,International Equities - Unhedged,IEQStock
0.0029910127952990206,IDEX CORP,Growth,International Shares,Global Shares,Global Shares,Industrials - 20,New York Stock Exchange Inc.,USD,United States,,Industrial Machinery & Supplies & Components - 20106020,World Large Blend Equity,International Equities - Unhedged,IEQStock
0.0042753354338335315,REGIONS FINANCIAL CORP,Growth,International Shares,Global Shares,Global Shares,Financials - 40,New York Stock Exchange Inc.,USD,United States,,Regional Banks - 40101015,World Large Blend Equity,International Equities - Unhedged,IEQStock
0.004579068366490083,ALBEMARLE CORP,Growth,International Shares,Global Shares,Global Shares,Materials - 15,New York Stock Exchange Inc.,USD,United States,,Specialty Chemicals - 15101050,World Large Blend Equity,International Equities - Unhedged,IEQStock
0.003331594701386598,AVERY DENNISON CORP,Growth,International Shares,Global Shares,Global Shares,Materials - 15,New York Stock Exchange Inc.,USD,United States,,Paper & Plastic Packaging Products & Materials - 15103020,World Large Blend Equity,International Equities - Unhedged,IEQStock
0.0028916200273854642,EPAM SYSTEMS INC,Growth,International Shares,Global Shares,Global Shares,Information Technology - 45,New York Stock Exchange Inc.,USD,United States,,IT Consulting & Other Services - 45102010,World Large Blend Equity,International Equities - Unhedged,IEQStock
0.003440912542321144,SNAP ON INC,Growth,International Shares,Global Shares,Global Shares,Industrials - 20,New York Stock Exchange Inc.,USD,United States,,Industrial Machinery & Supplies & Components - 20106020,World Large Blend Equity,International Equities - Unhedged,IEQStock
0.004251687749562843,LEIDOS HOLDINGS INC,Growth,International Shares,Global Shares,Global Shares,Industrials - 20,New York Stock Exchange Inc.,USD,United States,,Research & Consulting Services - 20202020,World Large Blend Equity,International Equities - Unhedged,IEQStock
0.0030412261976685904,PACKAGING CORP OF AMERICA,Growth,International Shares,Global Shares,Global Shares,Materials - 15,New York Stock Exchange Inc.,USD,United States,,Paper & Plastic Packaging Products & Materials - 15103020,World Large Blend Equity,International Equities - Unhedged,IEQStock
0.0010434664846570001,SOUTHWEST AIRLINES,Growth,International Shares,Global Shares,Global Shares,Industrials - 20,New York Stock Exchange Inc.,USD,United States,,Passenger Airlines - 20302010,World Large Blend Equity,International Equities - Unhedged,IEQStock
0.0028781084418239016,MID AMERICA APARTMENT COMMUNITIES,Growth,International Shares,Global Shares,Global Shares,Real Estate - 60,New York Stock Exchange Inc.,USD,United States,,Multi-Family Residential REITs  - 60106010,World Large Blend Equity,International Equities - Unhedged,IEQStock
0.005062097043686628,WR BERKLEY CORP,Growth,International Shares,Global Shares,Global Shares,Financials - 40,New York Stock Exchange Inc.,USD,United States,,Property & Casualty Insurance - 40301040,World Large Blend Equity,International Equities - Unhedged,IEQStock
0.002947031752450355,LAMB WESTON HOLDINGS INC,Growth,International Shares,Global Shares,Global Shares,Consumer Staples - 30,New York Stock Exchange Inc.,USD,United States,,Packaged Foods & Meats - 30202030,World Large Blend Equity,International Equities - Unhedged,IEQStock
0.0030915643920394423,ESSEX PROPERTY TRUST REIT INC,Growth,International Shares,Global Shares,Global Shares,Real Estate - 60,New York Stock Exchange Inc.,USD,United States,,Multi-Family Residential REITs  - 60106010,World Large Blend Equity,International Equities - Unhedged,IEQStock
0.0034420848764194025,KELLANOVA,Growth,International Shares,Global Shares,Global Shares,Consumer Staples - 30,New York Stock Exchange Inc.,USD,United States,,Packaged Foods & Meats - 30202030,World Large Blend Equity,International Equities - Unhedged,IEQStock
0.0035756584399660764,TYSON FOODS INC CLASS A,Growth,International Shares,Global Shares,Global Shares,Consumer Staples - 30,New York Stock Exchange Inc.,USD,United States,,Packaged Foods & Meats - 30202030,World Large Blend Equity,International Equities - Unhedged,IEQStock
0.002785760420332744,AMCOR PLC,Growth,International Shares,Global Shares,Global Shares,Materials - 15,New York Stock Exchange Inc.,USD,United States,,Paper & Plastic Packaging Products & Materials - 15103020,World Large Blend Equity,International Equities - Unhedged,IEQStock
0.002888987886418346,STANLEY BLACK & DECKER INC,Growth,International Shares,Global Shares,Global Shares,Industrials - 20,New York Stock Exchange Inc.,USD,United States,,Industrial Machinery & Supplies & Components - 20106020,World Large Blend Equity,International Equities - Unhedged,IEQStock
0.0020011776754854807,CONAGRA BRANDS INC,Growth,International Shares,Global Shares,Global Shares,Consumer Staples - 30,New York Stock Exchange Inc.,USD,United States,,Packaged Foods & Meats - 30202030,World Large Blend Equity,International Equities - Unhedged,IEQStock
0.0033449134733460765,DOMINOS PIZZA INC,Growth,International Shares,Global Shares,Global Shares,Consumer Discretionary - 25,New York Stock Exchange Inc.,USD,United States,,Restaurants - 25301040,World Large Blend Equity,International Equities - Unhedged,IEQStock
0.002933376379546237,BEST BUY CO INC,Growth,International Shares,Global Shares,Global Shares,Consumer Discretionary - 25,New York Stock Exchange Inc.,USD,United States,,Computer & Electronics Retail - 25504020,World Large Blend Equity,International Equities - Unhedged,IEQStock
0.003891576650980261,CARNIVAL CORP,Growth,International Shares,Global Shares,Global Shares,Consumer Discretionary - 25,New York Stock Exchange Inc.,USD,United States,,"Hotels, Resorts & Cruise Lines - 25301020",World Large Blend Equity,International Equities - Unhedged,IEQStock
0.003018403752981639,MASCO CORP,Growth,International Shares,Global Shares,Global Shares,Industrials - 20,New York Stock Exchange Inc.,USD,United States,,Building Products - 20102010,World Large Blend Equity,International Equities - Unhedged,IEQStock
0.004350017349270509,SYNCHRONY FINANCIAL,Growth,International Shares,Global Shares,Global Shares,Financials - 40,New York Stock Exchange Inc.,USD,United States,,Consumer Finance - 40202010,World Large Blend Equity,International Equities - Unhedged,IEQStock
0.0032933708694010554,LIVE NATION ENTERTAINMENT INC,Growth,International Shares,Global Shares,Global Shares,Communication Services - 50,New York Stock Exchange Inc.,USD,United States,,Movies & Entertainment - 50202010,World Large Blend Equity,International Equities - Unhedged,IEQStock
0.004287681233434041,CITIZENS FINANCIAL GROUP INC,Growth,International Shares,Global Shares,Global Shares,Financials - 40,New York Stock Exchange Inc.,USD,United States,,Regional Banks - 40101015,World Large Blend Equity,International Equities - Unhedged,IEQStock
0.004467624160045703,LOEWS CORP,Growth,International Shares,Global Shares,Global Shares,Financials - 40,New York Stock Exchange Inc.,CAD,Canada,,Property & Casualty Insurance - 40301040,World Large Blend Equity,International Equities - Unhedged,IEQStock
0.0019521317762504686,INTERNATIONAL PAPER,Growth,International Shares,Global Shares,Global Shares,Materials - 15,New York Stock Exchange Inc.,USD,United States,,Paper & Plastic Packaging Products & Materials - 15103020,World Large Blend Equity,International Equities - Unhedged,IEQStock
0.002931236464139441,JM SMUCKER,Growth,International Shares,Global Shares,Global Shares,Consumer Staples - 30,New York Stock Exchange Inc.,USD,United States,,Packaged Foods & Meats - 30202030,World Large Blend Equity,International Equities - Unhedged,IEQStock
0.002029766488195414,CELANESE CORP,Growth,International Shares,Global Shares,Global Shares,Materials - 15,New York Stock Exchange Inc.,USD,United States,,Specialty Chemicals - 15101050,World Large Blend Equity,International Equities - Unhedged,IEQStock
0.002670429234859235,KIMCO REALTY REIT CORP,Growth,International Shares,Global Shares,Global Shares,Real Estate - 60,New York Stock Exchange Inc.,USD,United States,,Retail REITs - 60107010,World Large Blend Equity,International Equities - Unhedged,IEQStock
0.0024448476399930217,INTERPUBLIC GROUP OF COMPANIES INC,Growth,International Shares,Global Shares,Global Shares,Communication Services - 50,New York Stock Exchange Inc.,USD,United States,,Advertising - 50201010,World Large Blend Equity,International Equities - Unhedged,IEQStock
0.0021355967909816613,MOLSON COORS BREWING CLASS B,Growth,International Shares,Global Shares,Global Shares,Consumer Staples - 30,New York Stock Exchange Inc.,USD,United States,,Brewers - 30201010,World Large Blend Equity,International Equities - Unhedged,IEQStock
0.002748976118496941,AES CORP,Growth,International Shares,Global Shares,Global Shares,Utilities - 55,New York Stock Exchange Inc.,USD,United States,,Independent Power Producers & Traders - 55105010,World Large Blend Equity,International Equities - Unhedged,IEQStock
0.0027931796075356037,MGM RESORTS INTERNATIONAL,Growth,International Shares,Global Shares,Global Shares,Consumer Discretionary - 25,New York Stock Exchange Inc.,USD,United States,,Casinos & Gaming - 25301010,World Large Blend Equity,International Equities - Unhedged,IEQStock
0.003752392707460503,ROLLINS INC,Growth,International Shares,Global Shares,Global Shares,Industrials - 20,New York Stock Exchange Inc.,USD,United States,,Environmental & Facilities Services - 20201050,World Large Blend Equity,International Equities - Unhedged,IEQStock
0.002303236893802567,MOSAIC,Growth,International Shares,Global Shares,Global Shares,Materials - 15,New York Stock Exchange Inc.,USD,United States,,Fertilizers & Agricultural Chemicals - 15101030,World Large Blend Equity,International Equities - Unhedged,IEQStock
0.002815267641491817,REVVITY INC,Growth,International Shares,Global Shares,Global Shares,Health Care - 35,New York Stock Exchange Inc.,USD,United States,,Life Sciences Tools & Services - 35203010,World Large Blend Equity,International Equities - Unhedged,IEQStock
0.0033075275377572708,KEYCORP,Growth,International Shares,Global Shares,Global Shares,Financials - 40,New York Stock Exchange Inc.,USD,United States,,Diversified Banks - 40101010,World Large Blend Equity,International Equities - Unhedged,IEQStock
0.005104438324476069,NRG ENERGY INC,Growth,International Shares,Global Shares,Global Shares,Utilities - 55,New York Stock Exchange Inc.,USD,United States,,Electric Utilities - 55101010,World Large Blend Equity,International Equities - Unhedged,IEQStock
0.002848405040391273,NISOURCE INC,Growth,International Shares,Global Shares,Global Shares,Utilities - 55,New York Stock Exchange Inc.,USD,United States,,Multi-Utilities - 55103010,World Large Blend Equity,International Equities - Unhedged,IEQStock
0.002218386855997142,CERIDIAN HCM HOLDING INC,Growth,International Shares,Global Shares,Global Shares,Industrials - 20,New York Stock Exchange Inc.,USD,United States,,Human Resource & Employment Services - 20202010,World Large Blend Equity,International Equities - Unhedged,IEQStock
0.0012084593337847462,CARMAX INC,Growth,International Shares,Global Shares,Global Shares,Consumer Discretionary - 25,New York Stock Exchange Inc.,USD,United States,,Automotive Retail - 25504050,World Large Blend Equity,International Equities - Unhedged,IEQStock
0.002866548930377749,PENTAIR,Growth,International Shares,Global Shares,Global Shares,Industrials - 20,New York Stock Exchange Inc.,USD,United States,,Industrial Machinery & Supplies & Components - 20106020,World Large Blend Equity,International Equities - Unhedged,IEQStock
0.0030968234731169834,GLOBE LIFE INC,Growth,International Shares,Global Shares,Global Shares,Financials - 40,New York Stock Exchange Inc.,USD,United States,,Life & Health Insurance - 40301020,World Large Blend Equity,International Equities - Unhedged,IEQStock
0.0021153918478168795,UDR REIT INC,Growth,International Shares,Global Shares,Global Shares,Real Estate - 60,New York Stock Exchange Inc.,USD,United States,,Multi-Family Residential REITs  - 60106010,World Large Blend Equity,International Equities - Unhedged,IEQStock
0.0016381139957637935,TELEFLEX INC,Growth,International Shares,Global Shares,Global Shares,Health Care - 35,New York Stock Exchange Inc.,USD,United States,,Health Care Equipment - 35101010,World Large Blend Equity,International Equities - Unhedged,IEQStock
0.002340931085829582,WESTROCK,Growth,International Shares,Global Shares,Global Shares,Materials - 15,New York Stock Exchange Inc.,USD,United States,,Paper & Plastic Packaging Products & Materials - 15103020,World Large Blend Equity,International Equities - Unhedged,IEQStock
0.0015166801123623554,HORMEL FOODS CORP,Growth,International Shares,Global Shares,Global Shares,Consumer Staples - 30,New York Stock Exchange Inc.,USD,United States,,Packaged Foods & Meats - 30202030,World Large Blend Equity,International Equities - Unhedged,IEQStock
0.0023926877362019637,CHARLES RIVER LABORATORIES INTERNA,Growth,International Shares,Global Shares,Global Shares,Health Care - 35,New York Stock Exchange Inc.,USD,United States,,Life Sciences Tools & Services - 35203010,World Large Blend Equity,International Equities - Unhedged,IEQStock
0.0038133644756567836,HUNTINGTON INGALLS INDUSTRIES INC,Growth,International Shares,Global Shares,Global Shares,Industrials - 20,New York Stock Exchange Inc.,USD,United States,,Aerospace & Defense - 20101010,World Large Blend Equity,International Equities - Unhedged,IEQStock
0.0020579010477114537,CAMDEN PROPERTY TRUST REIT,Growth,International Shares,Global Shares,Global Shares,Real Estate - 60,New York Stock Exchange Inc.,USD,United States,,Multi-Family Residential REITs  - 60106010,World Large Blend Equity,International Equities - Unhedged,IEQStock
0.0015274502328561908,EASTMAN CHEMICAL,Growth,International Shares,Global Shares,Global Shares,Materials - 15,New York Stock Exchange Inc.,USD,United States,,Specialty Chemicals - 15101050,World Large Blend Equity,International Equities - Unhedged,IEQStock
0.0020515591018543063,HEALTHPEAK PROPERTIES INC,Growth,International Shares,Global Shares,Global Shares,Real Estate - 60,New York Stock Exchange Inc.,USD,United States,,Health Care REITs - 60105010,World Large Blend Equity,International Equities - Unhedged,IEQStock
0.0030871969248331146,ALLEGION PLC,Growth,International Shares,Global Shares,Global Shares,Industrials - 20,New York Stock Exchange Inc.,USD,United States,,Building Products - 20102010,World Large Blend Equity,International Equities - Unhedged,IEQStock
0.0021316326209219446,A O SMITH CORP,Growth,International Shares,Global Shares,Global Shares,Industrials - 20,New York Stock Exchange Inc.,USD,United States,,Building Products - 20102010,World Large Blend Equity,International Equities - Unhedged,IEQStock
0.002629013073282433,JUNIPER NETWORKS INC,Growth,International Shares,Global Shares,Global Shares,Information Technology - 45,New York Stock Exchange Inc.,USD,United States,,Communications Equipment - 45201020,World Large Blend Equity,International Equities - Unhedged,IEQStock
0.00209698317425839,ASSURANT INC,Growth,International Shares,Global Shares,Global Shares,Financials - 40,New York Stock Exchange Inc.,USD,United States,,Multi-line Insurance - 40301030,World Large Blend Equity,International Equities - Unhedged,IEQStock
0.0018317043326434726,PAYCOM SOFTWARE INC,Growth,International Shares,Global Shares,Global Shares,Industrials - 20,New York Stock Exchange Inc.,USD,United States,,Human Resource & Employment Services - 20202010,World Large Blend Equity,International Equities - Unhedged,IEQStock
0.0030182049377428066,UNIVERSAL HEALTH SERVICES INC CLAS,Growth,International Shares,Global Shares,Global Shares,Health Care - 35,New York Stock Exchange Inc.,USD,United States,,Health Care Facilities - 35102020,World Large Blend Equity,International Equities - Unhedged,IEQStock
0.0021258570450771743,BOSTON PROPERTIES REIT INC,Growth,International Shares,Global Shares,Global Shares,Real Estate - 60,New York Stock Exchange Inc.,USD,United States,,Office REITs - 60104010,World Large Blend Equity,International Equities - Unhedged,IEQStock
0.0007349813238856747,ROBERT HALF,Growth,International Shares,Global Shares,Global Shares,Industrials - 20,New York Stock Exchange Inc.,USD,United States,,Human Resource & Employment Services - 20202010,World Large Blend Equity,International Equities - Unhedged,IEQStock
0.0019736514529279828,CAMPBELL SOUP,Growth,International Shares,Global Shares,Global Shares,Consumer Staples - 30,New York Stock Exchange Inc.,USD,United States,,Packaged Foods & Meats - 30202030,World Large Blend Equity,International Equities - Unhedged,IEQStock
0.0023841428530167155,BORGWARNER INC,Growth,International Shares,Global Shares,Global Shares,Consumer Discretionary - 25,New York Stock Exchange Inc.,USD,United States,,Automotive Parts & Equipment - 25101010,World Large Blend Equity,International Equities - Unhedged,IEQStock
0.0009233800565901204,BATH AND BODY WORKS INC,Growth,International Shares,Global Shares,Global Shares,Consumer Discretionary - 25,New York Stock Exchange Inc.,USD,United States,,Other Specialty Retail - 25504040,World Large Blend Equity,International Equities - Unhedged,IEQStock
0.00045280188951442703,FMC CORP,Growth,International Shares,Global Shares,Global Shares,Materials - 15,New York Stock Exchange Inc.,USD,United States,,Fertilizers & Agricultural Chemicals - 15101030,World Large Blend Equity,International Equities - Unhedged,IEQStock
0.0015106056903924272,BIO RAD LABORATORIES INC CLASS A,Growth,International Shares,Global Shares,Global Shares,Health Care - 35,New York Stock Exchange Inc.,USD,United States,,Life Sciences Tools & Services - 35203010,World Large Blend Equity,International Equities - Unhedged,IEQStock
0.002125812413958426,CATALENT INC,Growth,International Shares,Global Shares,Global Shares,Health Care - 35,New York Stock Exchange Inc.,USD,United States,,Pharmaceuticals - 35202010,World Large Blend Equity,International Equities - Unhedged,IEQStock
0.0009834981479042596,VF CORP,Growth,International Shares,Global Shares,Global Shares,Consumer Discretionary - 25,New York Stock Exchange Inc.,USD,United States,,"Apparel, Accessories & Luxury Goods - 25203010",World Large Blend Equity,International Equities - Unhedged,IEQStock
0.0010821209223857515,DAVITA INC,Growth,International Shares,Global Shares,Global Shares,Health Care - 35,New York Stock Exchange Inc.,USD,United States,,Health Care Services - 35102015,World Large Blend Equity,International Equities - Unhedged,IEQStock
0.003135890634466175,MELROSE INDUSTRIES PLC,Growth,International Shares,Global Shares,Global Shares,Energy - 10,New York Stock Exchange Inc.,USD,United States,,Oil & Gas Exploration & Production - 10102020,World Large Blend Equity,International Equities - Unhedged,IEQStock
0.004097880557464154,EQT,Growth,International Shares,Global Shares,Global Shares,Energy - 10,New York Stock Exchange Inc.,USD,United States,,Oil & Gas Exploration & Production - 10102020,World Large Blend Equity,International Equities - Unhedged,IEQStock
0.1125731137800132,BERKSHIRE HATHAWAY INC CLASS B,Growth,International Shares,Global Shares,Global Shares,Financials - 40,New York Stock Exchange Inc.,USD,United States,,Unknown,World Large Blend Equity,International Equities - Unhedged,IEQStock
0.06929288430997077,UNITEDHEALTH GROUP INC,Growth,International Shares,Global Shares,Global Shares,Health Care - 35,New York Stock Exchange Inc.,USD,United States,,Managed Health Care - 35102030,World Large Blend Equity,International Equities - Unhedged,IEQStock
0.1627295391291091,ELI LILLY,Growth,International Shares,Global Shares,Global Shares,Health Care - 35,New York Stock Exchange Inc.,USD,United States,,Pharmaceuticals - 35202010,World Large Blend Equity,International Equities - Unhedged,IEQStock
0.09951156452237205,EXXON MOBIL CORP,Growth,International Shares,Global Shares,Global Shares,Energy - 10,New York Stock Exchange Inc.,USD,United States,,Integrated Oil & Gas - 10102010,World Large Blend Equity,International Equities - Unhedged,IEQStock
0.14841525993744342,JPMORGAN CHASE & CO,Growth,International Shares,Global Shares,Global Shares,Financials - 40,New York Stock Exchange Inc.,USD,United States,,Diversified Banks - 40101010,World Large Blend Equity,International Equities - Unhedged,IEQStock
0.10419122491972206,VISA INC CLASS A,Growth,International Shares,Global Shares,Global Shares,Financials - 40,New York Stock Exchange Inc.,USD,United States,,Transaction & Payment Processing Services - 40201060,World Large Blend Equity,International Equities - Unhedged,IEQStock
0.12276648457372806,JOHNSON & JOHNSON,Growth,International Shares,Global Shares,Global Shares,Health Care - 35,New York Stock Exchange Inc.,USD,United States,,Pharmaceuticals - 35202010,World Large Blend Equity,International Equities - Unhedged,IEQStock
0.07339144235318237,PROCTER & GAMBLE,Growth,International Shares,Global Shares,Global Shares,Consumer Staples - 30,New York Stock Exchange Inc.,USD,United States,,Household Products - 30301010,World Large Blend Equity,International Equities - Unhedged,IEQStock
0.08861835186476266,MASTERCARD INC CLASS A,Growth,International Shares,Global Shares,Global Shares,Financials - 40,New York Stock Exchange Inc.,USD,United States,,Transaction & Payment Processing Services - 40201060,World Large Blend Equity,International Equities - Unhedged,IEQStock
0.07264380492874048,HOME DEPOT INC,Growth,International Shares,Global Shares,Global Shares,Consumer Discretionary - 25,New York Stock Exchange Inc.,USD,United States,,Home Improvement Retail - 25504030,World Large Blend Equity,International Equities - Unhedged,IEQStock
0.07242449823634477,MERCK & CO INC,Growth,International Shares,Global Shares,Global Shares,Health Care - 35,New York Stock Exchange Inc.,USD,United States,,Pharmaceuticals - 35202010,World Large Blend Equity,International Equities - Unhedged,IEQStock
0.06257913449123712,CHEVRON CORP,Growth,International Shares,Global Shares,Global Shares,Energy - 10,New York Stock Exchange Inc.,USD,United States,,Integrated Oil & Gas - 10102010,World Large Blend Equity,International Equities - Unhedged,IEQStock
0.08338807317814619,ABBVIE INC,Growth,International Shares,Global Shares,Global Shares,Health Care - 35,New York Stock Exchange Inc.,USD,United States,,Biotechnology - 35201010,World Large Blend Equity,International Equities - Unhedged,IEQStock
0.06709561048901116,WALMART INC,Growth,International Shares,Global Shares,Global Shares,Consumer Staples - 30,New York Stock Exchange Inc.,USD,United States,,Consumer Staples Merchandise Retail - 30101040,World Large Blend Equity,International Equities - Unhedged,IEQStock
0.06437624866120781,COCA-COLA,Growth,International Shares,Global Shares,Global Shares,Consumer Staples - 30,New York Stock Exchange Inc.,USD,United States,,Soft Drinks & Non-alcoholic Beverages - 30201030,World Large Blend Equity,International Equities - Unhedged,IEQStock
0.042282266586720935,SALESFORCE INC,Growth,International Shares,Global Shares,Global Shares,Information Technology - 45,New York Stock Exchange Inc.,USD,United States,,Application Software - 45103010,World Large Blend Equity,International Equities - Unhedged,IEQStock
0.03639025722354664,ACCENTURE PLC CLASS A,Growth,International Shares,Global Shares,Global Shares,Information Technology - 45,New York Stock Exchange Inc.,USD,United States,,IT Consulting & Other Services - 45102010,World Large Blend Equity,International Equities - Unhedged,IEQStock
0.0514799977692592,MCDONALDS CORP,Growth,International Shares,Global Shares,Global Shares,Consumer Discretionary - 25,New York Stock Exchange Inc.,USD,United States,,Restaurants - 25301040,World Large Blend Equity,International Equities - Unhedged,IEQStock
0.06657929711578672,BANK OF AMERICA CORP,Growth,International Shares,Global Shares,Global Shares,Financials - 40,New York Stock Exchange Inc.,USD,United States,,Diversified Banks - 40101010,World Large Blend Equity,International Equities - Unhedged,IEQStock
0.052997696539205864,THERMO FISHER SCIENTIFIC INC,Growth,International Shares,Global Shares,Global Shares,Health Care - 35,New York Stock Exchange Inc.,USD,United States,,Life Sciences Tools & Services - 35203010,World Large Blend Equity,International Equities - Unhedged,IEQStock
0.03326072786049905,PFIZER INC,Growth,International Shares,Global Shares,Global Shares,Health Care - 35,New York Stock Exchange Inc.,USD,United States,,Pharmaceuticals - 35202010,World Large Blend Equity,International Equities - Unhedged,IEQStock
0.04988398534911453,ORACLE CORP,Growth,International Shares,Global Shares,Global Shares,Information Technology - 45,New York Stock Exchange Inc.,USD,United States,,Systems Software - 45103020,World Large Blend Equity,International Equities - Unhedged,IEQStock
0.05020009462979183,ABBOTT LABORATORIES,Growth,International Shares,Global Shares,Global Shares,Health Care - 35,New York Stock Exchange Inc.,USD,United States,,Health Care Equipment - 35101010,World Large Blend Equity,International Equities - Unhedged,IEQStock
0.036954215962430086,WALT DISNEY,Growth,International Shares,Global Shares,Global Shares,Communication Services - 50,New York Stock Exchange Inc.,USD,United States,,Movies & Entertainment - 50202010,World Large Blend Equity,International Equities - Unhedged,IEQStock
0.04105279409479199,VERIZON COMMUNICATIONS INC,Growth,International Shares,Global Shares,Global Shares,Communication Services - 50,New York Stock Exchange Inc.,USD,United States,,Integrated Telecommunication Services - 50101020,World Large Blend Equity,International Equities - Unhedged,IEQStock
0.05032375051174784,WELLS FARGO,Growth,International Shares,Global Shares,Global Shares,Financials - 40,New York Stock Exchange Inc.,USD,United States,,Diversified Banks - 40101010,World Large Blend Equity,International Equities - Unhedged,IEQStock
0.041407371380033996,PHILIP MORRIS INTERNATIONAL INC,Growth,International Shares,Global Shares,Global Shares,Consumer Staples - 30,New York Stock Exchange Inc.,USD,United States,,Tobacco - 30203010,World Large Blend Equity,International Equities - Unhedged,IEQStock
0.026863792601615186,CONOCOPHILLIPS,Growth,International Shares,Global Shares,Global Shares,Energy - 10,New York Stock Exchange Inc.,USD,United States,,Oil & Gas Exploration & Production - 10102020,World Large Blend Equity,International Equities - Unhedged,IEQStock
0.05268148049421692,INTERNATIONAL BUSINESS MACHINES CO,Growth,International Shares,Global Shares,Global Shares,Information Technology - 45,New York Stock Exchange Inc.,USD,United States,,IT Consulting & Other Services - 45102010,World Large Blend Equity,International Equities - Unhedged,IEQStock
0.023794127638822875,NIKE INC CLASS B,Growth,International Shares,Global Shares,Global Shares,Consumer Discretionary - 25,New York Stock Exchange Inc.,USD,United States,,Footwear - 25203020,World Large Blend Equity,International Equities - Unhedged,IEQStock
0.03729671942756709,DANAHER CORP,Growth,International Shares,Global Shares,Global Shares,Health Care - 35,New York Stock Exchange Inc.,USD,United States,,Life Sciences Tools & Services - 35203010,World Large Blend Equity,International Equities - Unhedged,IEQStock
0.033917200707875676,UNION PACIFIC CORP,Growth,International Shares,Global Shares,Global Shares,Industrials - 20,New York Stock Exchange Inc.,USD,United States,,Rail Transportation - 20304010,World Large Blend Equity,International Equities - Unhedged,IEQStock
0.026863384915550705,SERVICENOW INC,Growth,International Shares,Global Shares,Global Shares,Information Technology - 45,New York Stock Exchange Inc.,USD,United States,,Systems Software - 45103020,World Large Blend Equity,International Equities - Unhedged,IEQStock
0.032765852931653495,S&P GLOBAL INC,Growth,International Shares,Global Shares,Global Shares,Financials - 40,New York Stock Exchange Inc.,USD,United States,,Financial Exchanges & Data - 40203040,World Large Blend Equity,International Equities - Unhedged,IEQStock
0.05785190767455839,GENERAL ELECTRIC,Growth,International Shares,Global Shares,Global Shares,Industrials - 20,New York Stock Exchange Inc.,USD,United States,,Industrial Conglomerates - 20105010,World Large Blend Equity,International Equities - Unhedged,IEQStock
0.04496639585081523,RTX CORP,Growth,International Shares,Global Shares,Global Shares,Industrials - 20,New York Stock Exchange Inc.,USD,United States,,Aerospace & Defense - 20101010,World Large Blend Equity,International Equities - Unhedged,IEQStock
0.05454360610028539,CATERPILLAR INC,Growth,International Shares,Global Shares,Global Shares,Industrials - 20,New York Stock Exchange Inc.,USD,United States,,Construction Machinery & Heavy Transportation Equipment - 20106010,World Large Blend Equity,International Equities - Unhedged,IEQStock
0.03247054001713457,NEXTERA ENERGY INC,Growth,International Shares,Global Shares,Global Shares,Utilities - 55,New York Stock Exchange Inc.,USD,United States,,Electric Utilities - 55101010,World Large Blend Equity,International Equities - Unhedged,IEQStock
0.027075043903551574,LOWES COMPANIES INC,Growth,International Shares,Global Shares,Global Shares,Consumer Discretionary - 25,New York Stock Exchange Inc.,USD,United States,,Home Improvement Retail - 25504030,World Large Blend Equity,International Equities - Unhedged,IEQStock
0.01991539714488457,BRISTOL MYERS SQUIBB,Growth,International Shares,Global Shares,Global Shares,Health Care - 35,New York Stock Exchange Inc.,USD,United States,,Pharmaceuticals - 35202010,World Large Blend Equity,International Equities - Unhedged,IEQStock
0.028958892971999908,BOEING,Growth,International Shares,Global Shares,Global Shares,Industrials - 20,New York Stock Exchange Inc.,USD,United States,,Aerospace & Defense - 20101010,World Large Blend Equity,International Equities - Unhedged,IEQStock
0.02391213471070422,ELEVANCE HEALTH INC,Growth,International Shares,Global Shares,Global Shares,Health Care - 35,New York Stock Exchange Inc.,USD,United States,,Managed Health Care - 35102030,World Large Blend Equity,International Equities - Unhedged,IEQStock
0.04096509131771868,GOLDMAN SACHS GROUP INC,Growth,International Shares,Global Shares,Global Shares,Financials - 40,New York Stock Exchange Inc.,USD,United States,,Investment Banking & Brokerage - 40203020,World Large Blend Equity,International Equities - Unhedged,IEQStock
0.03064087355146525,TJX INC,Growth,International Shares,Global Shares,Global Shares,Consumer Discretionary - 25,New York Stock Exchange Inc.,USD,United States,,Apparel Retail - 25504010,World Large Blend Equity,International Equities - Unhedged,IEQStock
0.017482299588931886,UNITED PARCEL SERVICE INC CLASS B,Growth,International Shares,Global Shares,Global Shares,Industrials - 20,New York Stock Exchange Inc.,USD,United States,,Air Freight & Logistics - 20301010,World Large Blend Equity,International Equities - Unhedged,IEQStock
0.020270044767866896,LOCKHEED MARTIN CORP,Growth,International Shares,Global Shares,Global Shares,Industrials - 20,New York Stock Exchange Inc.,USD,United States,,Aerospace & Defense - 20101010,World Large Blend Equity,International Equities - Unhedged,IEQStock
0.026482155461699786,DEERE,Growth,International Shares,Global Shares,Global Shares,Industrials - 20,New York Stock Exchange Inc.,USD,United States,,Agricultural & Farm Machinery - 20106015,World Large Blend Equity,International Equities - Unhedged,IEQStock
0.03445707321747128,MEDTRONIC PLC,Growth,International Shares,Global Shares,Global Shares,Health Care - 35,New York Stock Exchange Inc.,USD,United States,,Health Care Equipment - 35101010,World Large Blend Equity,International Equities - Unhedged,IEQStock
0.03280527300867259,MORGAN STANLEY,Growth,International Shares,Global Shares,Global Shares,Financials - 40,New York Stock Exchange Inc.,USD,United States,,Investment Banking & Brokerage - 40203020,World Large Blend Equity,International Equities - Unhedged,IEQStock
0.0319440524400965,PROLOGIS REIT INC,Growth,International Shares,Global Shares,Global Shares,Real Estate - 60,New York Stock Exchange Inc.,USD,United States,,Industrial REITs - 60102510,World Large Blend Equity,International Equities - Unhedged,IEQStock
0.018557023286778333,MARSH & MCLENNAN INC,Growth,International Shares,Global Shares,Global Shares,Financials - 40,New York Stock Exchange Inc.,USD,United States,,Insurance Brokers - 40301010,World Large Blend Equity,International Equities - Unhedged,IEQStock
0.026510869006864432,STRYKER CORP,Growth,International Shares,Global Shares,Global Shares,Health Care - 35,New York Stock Exchange Inc.,USD,United States,,Health Care Equipment - 35101010,World Large Blend Equity,International Equities - Unhedged,IEQStock
0.022347369423526033,PROGRESSIVE CORP,Growth,International Shares,Global Shares,Global Shares,Financials - 40,New York Stock Exchange Inc.,USD,United States,,Property & Casualty Insurance - 40301040,World Large Blend Equity,International Equities - Unhedged,IEQStock
0.026481625507162,BLACKROCK INC,Growth,International Shares,Global Shares,Global Shares,Financials - 40,New York Stock Exchange Inc.,USD,United States,,Asset Management & Custody Banks - 40203010,World Large Blend Equity,International Equities - Unhedged,IEQStock
0.038348099734170644,CVS HEALTH CORP,Growth,International Shares,Global Shares,Global Shares,Health Care - 35,New York Stock Exchange Inc.,USD,United States,,Health Care Services - 35102015,World Large Blend Equity,International Equities - Unhedged,IEQStock
0.024189059519605594,CHUBB LTD,Growth,International Shares,Global Shares,Global Shares,Financials - 40,New York Stock Exchange Inc.,USD,United States,,Property & Casualty Insurance - 40301040,World Large Blend Equity,International Equities - Unhedged,IEQStock
0.03466508665740054,AMERICAN EXPRESS,Growth,International Shares,Global Shares,Global Shares,Financials - 40,New York Stock Exchange Inc.,USD,United States,,Consumer Finance - 40202010,World Large Blend Equity,International Equities - Unhedged,IEQStock
0.02005279788804486,CIGNA,Growth,International Shares,Global Shares,Global Shares,Health Care - 35,New York Stock Exchange Inc.,USD,United States,,Health Care Services - 35102015,World Large Blend Equity,International Equities - Unhedged,IEQStock
0.020217147991397778,AMERICAN TOWER REIT CORP,Growth,International Shares,Global Shares,Global Shares,Real Estate - 60,New York Stock Exchange Inc.,USD,United States,,Telecom Tower REITs - 60108030,World Large Blend Equity,International Equities - Unhedged,IEQStock
0.022959784430709132,EATON PLC,Growth,International Shares,Global Shares,Global Shares,Industrials - 20,New York Stock Exchange Inc.,USD,United States,,Electrical Components & Equipment - 20104010,World Large Blend Equity,International Equities - Unhedged,IEQStock
0.02658846804644869,CHARLES SCHWAB CORP,Growth,International Shares,Global Shares,Global Shares,Financials - 40,New York Stock Exchange Inc.,USD,United States,,Investment Banking & Brokerage - 40203020,World Large Blend Equity,International Equities - Unhedged,IEQStock
0.03573134537680964,CITIGROUP INC,Growth,International Shares,Global Shares,Global Shares,Financials - 40,New York Stock Exchange Inc.,USD,United States,,Diversified Banks - 40101010,World Large Blend Equity,International Equities - Unhedged,IEQStock
0.0285476233391912,ZOETIS INC CLASS A,Growth,International Shares,Global Shares,Global Shares,Health Care - 35,New York Stock Exchange Inc.,USD,United States,,Pharmaceuticals - 35202010,World Large Blend Equity,International Equities - Unhedged,IEQStock
0.023610447674599615,BOSTON SCIENTIFIC CORP,Growth,International Shares,Global Shares,Global Shares,Health Care - 35,New York Stock Exchange Inc.,USD,United States,,Health Care Equipment - 35101010,World Large Blend Equity,International Equities - Unhedged,IEQStock
0.014699753205221206,SCHLUMBERGER NV,Growth,International Shares,Global Shares,Global Shares,Energy - 10,New York Stock Exchange Inc.,USD,United States,,Oil & Gas Equipment & Services - 10101020,World Large Blend Equity,International Equities - Unhedged,IEQStock
0.018806426263163607,SOUTHERN,Growth,International Shares,Global Shares,Global Shares,Utilities - 55,New York Stock Exchange Inc.,USD,United States,,Electric Utilities - 55101010,World Large Blend Equity,International Equities - Unhedged,IEQStock
0.013305181623085712,BECTON DICKINSON,Growth,International Shares,Global Shares,Global Shares,Health Care - 35,New York Stock Exchange Inc.,USD,United States,,Health Care Equipment - 35101010,World Large Blend Equity,International Equities - Unhedged,IEQStock
0.011800067714540986,FISERV INC,Growth,International Shares,Global Shares,Global Shares,Financials - 40,New York Stock Exchange Inc.,USD,United States,,Transaction & Payment Processing Services - 40201060,World Large Blend Equity,International Equities - Unhedged,IEQStock
0.018060724965099032,ALTRIA GROUP INC,Growth,International Shares,Global Shares,Global Shares,Consumer Staples - 30,New York Stock Exchange Inc.,USD,United States,,Tobacco - 30203010,World Large Blend Equity,International Equities - Unhedged,IEQStock
0.013067803018533228,EOG RESOURCES INC,Growth,International Shares,Global Shares,Global Shares,Energy - 10,New York Stock Exchange Inc.,USD,United States,,Oil & Gas Exploration & Production - 10102020,World Large Blend Equity,International Equities - Unhedged,IEQStock
0.01680892037900577,BLACKSTONE INC,Growth,International Shares,Global Shares,Global Shares,Financials - 40,New York Stock Exchange Inc.,USD,United States,,Asset Management & Custody Banks - 40203010,World Large Blend Equity,International Equities - Unhedged,IEQStock
0.019039018860310956,DUKE ENERGY CORP,Growth,International Shares,Global Shares,Global Shares,Utilities - 55,New York Stock Exchange Inc.,USD,United States,,Electric Utilities - 55101010,World Large Blend Equity,International Equities - Unhedged,IEQStock
0.017516092575506785,NORTHROP GRUMMAN CORP,Growth,International Shares,Global Shares,Global Shares,Industrials - 20,New York Stock Exchange Inc.,USD,United States,,Aerospace & Defense - 20101010,World Large Blend Equity,International Equities - Unhedged,IEQStock
0.013347252033064704,AON PLC CLASS A,Growth,International Shares,Global Shares,Global Shares,Financials - 40,New York Stock Exchange Inc.,USD,United States,,Insurance Brokers - 40301010,World Large Blend Equity,International Equities - Unhedged,IEQStock
0.017416804202175895,ILLINOIS TOOL INC,Growth,International Shares,Global Shares,Global Shares,Industrials - 20,New York Stock Exchange Inc.,USD,United States,,Industrial Machinery & Supplies & Components - 20106020,World Large Blend Equity,International Equities - Unhedged,IEQStock
0.01820136883324877,WASTE MANAGEMENT INC,Growth,International Shares,Global Shares,Global Shares,Industrials - 20,New York Stock Exchange Inc.,USD,United States,,Environmental & Facilities Services - 20201050,World Large Blend Equity,International Equities - Unhedged,IEQStock
0.013091156631456567,COLGATE-PALMOLIVE,Growth,International Shares,Global Shares,Global Shares,Consumer Staples - 30,New York Stock Exchange Inc.,USD,United States,,Household Products - 30301010,World Large Blend Equity,International Equities - Unhedged,IEQStock
0.017283405429202998,INTERCONTINENTAL EXCHANGE INC,Growth,International Shares,Global Shares,Global Shares,Financials - 40,New York Stock Exchange Inc.,USD,United States,,Financial Exchanges & Data - 40203040,World Large Blend Equity,International Equities - Unhedged,IEQStock
0.02336787406717885,MCKESSON CORP,Growth,International Shares,Global Shares,Global Shares,Health Care - 35,New York Stock Exchange Inc.,USD,United States,,Health Care Distributors - 35102010,World Large Blend Equity,International Equities - Unhedged,IEQStock
0.010206978553162105,HUMANA INC,Growth,International Shares,Global Shares,Global Shares,Health Care - 35,New York Stock Exchange Inc.,USD,United States,,Managed Health Care - 35102030,World Large Blend Equity,International Equities - Unhedged,IEQStock
0.016823469789875676,SHERWIN WILLIAMS,Growth,International Shares,Global Shares,Global Shares,Materials - 15,New York Stock Exchange Inc.,USD,United States,,Specialty Chemicals - 15101050,World Large Blend Equity,International Equities - Unhedged,IEQStock
0.02062469599121356,MARATHON PETROLEUM CORP,Growth,International Shares,Global Shares,Global Shares,Energy - 10,New York Stock Exchange Inc.,USD,United States,,Oil & Gas Refining & Marketing - 10102030,World Large Blend Equity,International Equities - Unhedged,IEQStock
0.00853395777988163,CHIPOTLE MEXICAN GRILL INC,Growth,International Shares,Global Shares,Global Shares,Consumer Discretionary - 25,New York Stock Exchange Inc.,USD,United States,,Restaurants - 25301040,World Large Blend Equity,International Equities - Unhedged,IEQStock
0.011431524438349954,AIR PRODUCTS AND CHEMICALS INC,Growth,International Shares,Global Shares,Global Shares,Materials - 15,New York Stock Exchange Inc.,USD,United States,,Industrial Gases - 15101040,World Large Blend Equity,International Equities - Unhedged,IEQStock
0.012672587983180222,FEDEX CORP,Growth,International Shares,Global Shares,Global Shares,Industrials - 20,New York Stock Exchange Inc.,USD,United States,,Air Freight & Logistics - 20301010,World Large Blend Equity,International Equities - Unhedged,IEQStock
0.017869830073283594,GENERAL DYNAMICS CORP,Growth,International Shares,Global Shares,Global Shares,Industrials - 20,New York Stock Exchange Inc.,USD,United States,,Aerospace & Defense - 20101010,World Large Blend Equity,International Equities - Unhedged,IEQStock
0.01201347532809286,PIONEER NATURAL RESOURCE,Growth,International Shares,Global Shares,Global Shares,Energy - 10,New York Stock Exchange Inc.,USD,United States,,Oil & Gas Exploration & Production - 10102020,World Large Blend Equity,International Equities - Unhedged,IEQStock
0.014643650812501376,US BANCORP,Growth,International Shares,Global Shares,Global Shares,Financials - 40,New York Stock Exchange Inc.,USD,United States,,Diversified Banks - 40101010,World Large Blend Equity,International Equities - Unhedged,IEQStock
0.01801703663753868,ARISTA NETWORKS INC,Growth,International Shares,Global Shares,Global Shares,Information Technology - 45,New York Stock Exchange Inc.,USD,United States,,Communications Equipment - 45201020,World Large Blend Equity,International Equities - Unhedged,IEQStock
0.015060221477783332,MOODYS CORP,Growth,International Shares,Global Shares,Global Shares,Financials - 40,New York Stock Exchange Inc.,USD,United States,,Financial Exchanges & Data - 40203040,World Large Blend Equity,International Equities - Unhedged,IEQStock
0.009773889058505592,ARTHUR J GALLAGHER,Growth,International Shares,Global Shares,Global Shares,Financials - 40,New York Stock Exchange Inc.,USD,United States,,Insurance Brokers - 40301010,World Large Blend Equity,International Equities - Unhedged,IEQStock
0.018159606815750517,PARKER-HANNIFIN CORP,Growth,International Shares,Global Shares,Global Shares,Industrials - 20,New York Stock Exchange Inc.,USD,United States,,Industrial Machinery & Supplies & Components - 20106020,World Large Blend Equity,International Equities - Unhedged,IEQStock
0.015567678181313965,3M,Growth,International Shares,Global Shares,Global Shares,Industrials - 20,New York Stock Exchange Inc.,USD,United States,,Industrial Conglomerates - 20105010,World Large Blend Equity,International Equities - Unhedged,IEQStock
0.009662739280934293,TARGET CORP,Growth,International Shares,Global Shares,Global Shares,Consumer Staples - 30,New York Stock Exchange Inc.,USD,United States,,Consumer Staples Merchandise Retail - 30101040,World Large Blend Equity,International Equities - Unhedged,IEQStock
0.009556240616632907,MOTOROLA SOLUTIONS INC,Growth,International Shares,Global Shares,Global Shares,Information Technology - 45,New York Stock Exchange Inc.,USD,United States,,Communications Equipment - 45201020,World Large Blend Equity,International Equities - Unhedged,IEQStock
0.017329362438520124,PHILLIPS,Growth,International Shares,Global Shares,Global Shares,Energy - 10,New York Stock Exchange Inc.,USD,United States,,Oil & Gas Refining & Marketing - 10102030,World Large Blend Equity,International Equities - Unhedged,IEQStock
0.02737150363973338,AMPHENOL CORP CLASS A,Growth,International Shares,Global Shares,Global Shares,Information Technology - 45,New York Stock Exchange Inc.,USD,United States,,Electronic Components - 45203015,World Large Blend Equity,International Equities - Unhedged,IEQStock
0.014712616755485967,TRANE TECHNOLOGIES PLC,Growth,International Shares,Global Shares,Global Shares,Industrials - 20,New York Stock Exchange Inc.,USD,United States,,Building Products - 20102010,World Large Blend Equity,International Equities - Unhedged,IEQStock
0.015506700624831834,TRANSDIGM GROUP INC,Growth,International Shares,Global Shares,Global Shares,Industrials - 20,New York Stock Exchange Inc.,USD,United States,,Aerospace & Defense - 20101010,World Large Blend Equity,International Equities - Unhedged,IEQStock
0.014427135331662922,FREEPORT MCMORAN INC,Growth,International Shares,Global Shares,Global Shares,Materials - 15,New York Stock Exchange Inc.,USD,United States,,Copper - 15104025,World Large Blend Equity,International Equities - Unhedged,IEQStock
0.012683336829220234,EMERSON ELECTRIC,Growth,International Shares,Global Shares,Global Shares,Industrials - 20,New York Stock Exchange Inc.,USD,United States,,Electrical Components & Equipment - 20104010,World Large Blend Equity,International Equities - Unhedged,IEQStock
0.013690410089436214,AUTOZONE INC,Growth,International Shares,Global Shares,Global Shares,Consumer Discretionary - 25,New York Stock Exchange Inc.,USD,United States,,Automotive Retail - 25504050,World Large Blend Equity,International Equities - Unhedged,IEQStock
0.0133387078946518,PNC FINANCIAL SERVICES GROUP INC,Growth,International Shares,Global Shares,Global Shares,Financials - 40,New York Stock Exchange Inc.,USD,United States,,Diversified Banks - 40101010,World Large Blend Equity,International Equities - Unhedged,IEQStock
0.023589698952869668,HCA HEALTHCARE INC,Growth,International Shares,Global Shares,Global Shares,Health Care - 35,New York Stock Exchange Inc.,USD,United States,,Health Care Facilities - 35102020,World Large Blend Equity,International Equities - Unhedged,IEQStock
0.010928821196639108,SEMPRA,Growth,International Shares,Global Shares,Global Shares,Utilities - 55,New York Stock Exchange Inc.,USD,United States,,Multi-Utilities - 55103010,World Large Blend Equity,International Equities - Unhedged,IEQStock
0.011604042121140884,AMERICAN INTERNATIONAL GROUP INC,Growth,International Shares,Global Shares,Global Shares,Financials - 40,New York Stock Exchange Inc.,USD,United States,,Multi-line Insurance - 40301030,World Large Blend Equity,International Equities - Unhedged,IEQStock
0.016570460788969912,WELLTOWER INC,Growth,International Shares,Global Shares,Global Shares,Real Estate - 60,New York Stock Exchange Inc.,USD,United States,,Health Care REITs - 60105010,World Large Blend Equity,International Equities - Unhedged,IEQStock
0.013401434303118692,ECOLAB INC,Growth,International Shares,Global Shares,Global Shares,Materials - 15,New York Stock Exchange Inc.,USD,United States,,Specialty Chemicals - 15101050,World Large Blend Equity,International Equities - Unhedged,IEQStock
0.014914692188909033,NORFOLK SOUTHERN CORP,Growth,International Shares,Global Shares,Global Shares,Industrials - 20,New York Stock Exchange Inc.,USD,United States,,Rail Transportation - 20304010,World Large Blend Equity,International Equities - Unhedged,IEQStock
0.011362571923889774,AFLAC INC,Growth,International Shares,Global Shares,Global Shares,Financials - 40,New York Stock Exchange Inc.,USD,United States,,Life & Health Insurance - 40301020,World Large Blend Equity,International Equities - Unhedged,IEQStock
0.015845042548849976,VALERO ENERGY CORP,Growth,International Shares,Global Shares,Global Shares,Energy - 10,New York Stock Exchange Inc.,USD,United States,,Oil & Gas Refining & Marketing - 10102030,World Large Blend Equity,International Equities - Unhedged,IEQStock
0.010602068383361023,WILLIAMS INC,Growth,International Shares,Global Shares,Global Shares,Energy - 10,New York Stock Exchange Inc.,USD,United States,,Oil & Gas Storage & Transportation - 10102040,World Large Blend Equity,International Equities - Unhedged,IEQStock
0.008291542780569695,CARRIER GLOBAL CORP,Growth,International Shares,Global Shares,Global Shares,Industrials - 20,New York Stock Exchange Inc.,USD,United States,,Building Products - 20102010,World Large Blend Equity,International Equities - Unhedged,IEQStock
0.010609882174606062,CROWN CASTLE INC,Growth,International Shares,Global Shares,Global Shares,Real Estate - 60,New York Stock Exchange Inc.,USD,United States,,Telecom Tower REITs - 60108030,World Large Blend Equity,International Equities - Unhedged,IEQStock
0.012889831287179741,HILTON WORLDWIDE HOLDINGS INC,Growth,International Shares,Global Shares,Global Shares,Consumer Discretionary - 25,New York Stock Exchange Inc.,USD,United States,,"Hotels, Resorts & Cruise Lines - 25301020",World Large Blend Equity,International Equities - Unhedged,IEQStock
0.010050906108629975,KIMBERLY CLARK CORP,Growth,International Shares,Global Shares,Global Shares,Consumer Staples - 30,New York Stock Exchange Inc.,USD,United States,,Household Products - 30301010,World Large Blend Equity,International Equities - Unhedged,IEQStock
0.011847640787819632,TRUIST FINANCIAL CORP,Growth,International Shares,Global Shares,Global Shares,Financials - 40,New York Stock Exchange Inc.,USD,United States,,Regional Banks - 40101015,World Large Blend Equity,International Equities - Unhedged,IEQStock
0.012523259424913212,EDWARDS LIFESCIENCES CORP,Growth,International Shares,Global Shares,Global Shares,Health Care - 35,New York Stock Exchange Inc.,USD,United States,,Health Care Equipment - 35101010,World Large Blend Equity,International Equities - Unhedged,IEQStock
0.013834083972889266,FORD MOTOR CO,Growth,International Shares,Global Shares,Global Shares,Consumer Discretionary - 25,New York Stock Exchange Inc.,USD,United States,,Automobile Manufacturers - 25102010,World Large Blend Equity,International Equities - Unhedged,IEQStock
0.007286440006239335,OCCIDENTAL PETROLEUM CORP,Growth,International Shares,Global Shares,Global Shares,Energy - 10,New York Stock Exchange Inc.,USD,United States,,Integrated Oil & Gas - 10102010,World Large Blend Equity,International Equities - Unhedged,IEQStock
0.010130716924184865,HESS CORP,Growth,International Shares,Global Shares,Global Shares,Energy - 10,New York Stock Exchange Inc.,USD,United States,,Oil & Gas Exploration & Production - 10102020,World Large Blend Equity,International Equities - Unhedged,IEQStock
0.009968697525920233,MSCI INC,Growth,International Shares,Global Shares,Global Shares,Financials - 40,New York Stock Exchange Inc.,USD,United States,,Financial Exchanges & Data - 40203040,World Large Blend Equity,International Equities - Unhedged,IEQStock
0.01582068961349808,TE CONNECTIVITY LTD,Growth,International Shares,Global Shares,Global Shares,Information Technology - 45,New York Stock Exchange Inc.,USD,United States,,Electronic Manufacturing Services - 45203020,World Large Blend Equity,International Equities - Unhedged,IEQStock
0.009239915625722453,PUBLIC STORAGE REIT,Growth,International Shares,Global Shares,Global Shares,Real Estate - 60,New York Stock Exchange Inc.,USD,United States,,Self-Storage REITs - 60108020,World Large Blend Equity,International Equities - Unhedged,IEQStock
0.005616051595543961,CONSTELLATION BRANDS INC CLASS A,Growth,International Shares,Global Shares,Global Shares,Consumer Staples - 30,New York Stock Exchange Inc.,USD,United States,,Distillers & Vintners - 30201020,World Large Blend Equity,International Equities - Unhedged,IEQStock
0.016466256847785996,GENERAL MOTORS,Growth,International Shares,Global Shares,Global Shares,Consumer Discretionary - 25,New York Stock Exchange Inc.,USD,United States,,Automobile Manufacturers - 25102010,World Large Blend Equity,International Equities - Unhedged,IEQStock
0.013159122704058961,TRAVELERS COMPANIES INC,Growth,International Shares,Global Shares,Global Shares,Financials - 40,New York Stock Exchange Inc.,USD,United States,,Property & Casualty Insurance - 40301040,World Large Blend Equity,International Equities - Unhedged,IEQStock
0.005924722895755538,CENTENE CORP,Growth,International Shares,Global Shares,Global Shares,Health Care - 35,New York Stock Exchange Inc.,USD,United States,,Managed Health Care - 35102030,World Large Blend Equity,International Equities - Unhedged,IEQStock
0.008578901135701438,DIGITAL REALTY TRUST REIT INC,Growth,International Shares,Global Shares,Global Shares,Real Estate - 60,New York Stock Exchange Inc.,USD,United States,,Data Center REITs - 60108050,World Large Blend Equity,International Equities - Unhedged,IEQStock
0.00799731434598432,ARCHER DANIELS MIDLAND,Growth,International Shares,Global Shares,Global Shares,Consumer Staples - 30,New York Stock Exchange Inc.,USD,United States,,Agricultural Products & Services - 30202010,World Large Blend Equity,International Equities - Unhedged,IEQStock
0.009997434220806107,DOMINION ENERGY INC,Growth,International Shares,Global Shares,Global Shares,Utilities - 55,New York Stock Exchange Inc.,USD,United States,,Multi-Utilities - 55103010,World Large Blend Equity,International Equities - Unhedged,IEQStock
0.0062732642247381445,GENERAL MILLS INC,Growth,International Shares,Global Shares,Global Shares,Consumer Staples - 30,New York Stock Exchange Inc.,USD,United States,,Packaged Foods & Meats - 30202030,World Large Blend Equity,International Equities - Unhedged,IEQStock
0.00926986419273704,METLIFE INC,Growth,International Shares,Global Shares,Global Shares,Financials - 40,New York Stock Exchange Inc.,USD,United States,,Life & Health Insurance - 40301020,World Large Blend Equity,International Equities - Unhedged,IEQStock
0.01103430928456959,SIMON PROPERTY GROUP REIT INC,Growth,International Shares,Global Shares,Global Shares,Real Estate - 60,New York Stock Exchange Inc.,USD,United States,,Retail REITs - 60107010,World Large Blend Equity,International Equities - Unhedged,IEQStock
0.006485475088521559,ONEOK INC,Growth,International Shares,Global Shares,Global Shares,Energy - 10,New York Stock Exchange Inc.,USD,United States,,Oil & Gas Storage & Transportation - 10102040,World Large Blend Equity,International Equities - Unhedged,IEQStock
0.01419924571726954,NUCOR CORP,Growth,International Shares,Global Shares,Global Shares,Materials - 15,New York Stock Exchange Inc.,USD,United States,,Steel - 15104050,World Large Blend Equity,International Equities - Unhedged,IEQStock
0.011068009028097984,D R HORTON INC,Growth,International Shares,Global Shares,Global Shares,Consumer Discretionary - 25,New York Stock Exchange Inc.,USD,United States,,Homebuilding - 25201030,World Large Blend Equity,International Equities - Unhedged,IEQStock
0.009978243989866777,IQVIA HOLDINGS INC,Growth,International Shares,Global Shares,Global Shares,Health Care - 35,New York Stock Exchange Inc.,USD,United States,,Life Sciences Tools & Services - 35203010,World Large Blend Equity,International Equities - Unhedged,IEQStock
0.010985596370883598,REALTY INCOME REIT CORP,Growth,International Shares,Global Shares,Global Shares,Real Estate - 60,New York Stock Exchange Inc.,USD,United States,,Retail REITs - 60107010,World Large Blend Equity,International Equities - Unhedged,IEQStock
0.009318923269007974,YUM BRANDS INC,Growth,International Shares,Global Shares,Global Shares,Consumer Discretionary - 25,New York Stock Exchange Inc.,USD,United States,,Restaurants - 25301040,World Large Blend Equity,International Equities - Unhedged,IEQStock
0.008527851843614502,CORTEVA INC,Growth,International Shares,Global Shares,Global Shares,Materials - 15,New York Stock Exchange Inc.,USD,United States,,Fertilizers & Agricultural Chemicals - 15101030,World Large Blend Equity,International Equities - Unhedged,IEQStock
0.006106305244062691,PG&E CORP,Growth,International Shares,Global Shares,Global Shares,Utilities - 55,New York Stock Exchange Inc.,USD,United States,,Electric Utilities - 55101010,World Large Blend Equity,International Equities - Unhedged,IEQStock
0.014187046241763755,BANK OF NEW YORK MELLON CORP,Growth,International Shares,Global Shares,Global Shares,Financials - 40,New York Stock Exchange Inc.,USD,United States,,Asset Management & Custody Banks - 40203010,World Large Blend Equity,International Equities - Unhedged,IEQStock
0.011895547767168372,JOHNSON CONTROLS INTERNATIONAL PLC,Growth,International Shares,Global Shares,Global Shares,Industrials - 20,New York Stock Exchange Inc.,USD,United States,,Building Products - 20102010,World Large Blend Equity,International Equities - Unhedged,IEQStock
0.011668910239784254,L3HARRIS TECHNOLOGIES INC,Growth,International Shares,Global Shares,Global Shares,Industrials - 20,New York Stock Exchange Inc.,USD,United States,,Aerospace & Defense - 20101010,World Large Blend Equity,International Equities - Unhedged,IEQStock
0.008111541083688873,WW GRAINGER INC,Growth,International Shares,Global Shares,Global Shares,Industrials - 20,New York Stock Exchange Inc.,USD,United States,,Trading Companies & Distributors - 20107010,World Large Blend Equity,International Equities - Unhedged,IEQStock
0.009212575472676671,WASTE CONNECTIONS INC,Growth,International Shares,Global Shares,Global Shares,Industrials - 20,New York Stock Exchange Inc.,USD,United States,,Environmental & Facilities Services - 20201050,World Large Blend Equity,International Equities - Unhedged,IEQStock
0.009095039871702569,SYSCO CORP,Growth,International Shares,Global Shares,Global Shares,Consumer Staples - 30,New York Stock Exchange Inc.,USD,United States,,Food Distributors - 30101020,World Large Blend Equity,International Equities - Unhedged,IEQStock
0.0068911319566685725,HALLIBURTON,Growth,International Shares,Global Shares,Global Shares,Energy - 10,New York Stock Exchange Inc.,USD,United States,,Oil & Gas Equipment & Services - 10101020,World Large Blend Equity,International Equities - Unhedged,IEQStock
0.00921920599493092,AMETEK INC,Growth,International Shares,Global Shares,Global Shares,Industrials - 20,New York Stock Exchange Inc.,USD,United States,,Electrical Components & Equipment - 20104010,World Large Blend Equity,International Equities - Unhedged,IEQStock
0.0065342904821345145,KENVUE INC,Growth,International Shares,Global Shares,Global Shares,Consumer Staples - 30,New York Stock Exchange Inc.,USD,United States,,Personal Care Products - 30302010,World Large Blend Equity,International Equities - Unhedged,IEQStock
0.007843539757670232,OTIS WORLDWIDE CORP,Growth,International Shares,Global Shares,Global Shares,Industrials - 20,New York Stock Exchange Inc.,USD,United States,,Industrial Machinery & Supplies & Components - 20106020,World Large Blend Equity,International Equities - Unhedged,IEQStock
0.014655519848743633,CENCORA INC,Growth,International Shares,Global Shares,Global Shares,Health Care - 35,New York Stock Exchange Inc.,USD,United States,,Health Care Distributors - 35102010,World Large Blend Equity,International Equities - Unhedged,IEQStock
0.009750975287420973,AGILENT TECHNOLOGIES INC,Growth,International Shares,Global Shares,Global Shares,Health Care - 35,New York Stock Exchange Inc.,USD,United States,,Life Sciences Tools & Services - 35203010,World Large Blend Equity,International Equities - Unhedged,IEQStock
0.007599117923183122,KINDER MORGAN INC,Growth,International Shares,Global Shares,Global Shares,Energy - 10,New York Stock Exchange Inc.,USD,United States,,Oil & Gas Storage & Transportation - 10102040,World Large Blend Equity,International Equities - Unhedged,IEQStock
0.008021542408892737,DUPONT DE NEMOURS INC,Growth,International Shares,Global Shares,Global Shares,Materials - 15,New York Stock Exchange Inc.,USD,United States,,Specialty Chemicals - 15101050,World Large Blend Equity,International Equities - Unhedged,IEQStock
0.003874999421122892,GARTNER INC,Growth,International Shares,Global Shares,Global Shares,Information Technology - 45,New York Stock Exchange Inc.,USD,United States,,IT Consulting & Other Services - 45102010,World Large Blend Equity,International Equities - Unhedged,IEQStock
0.010820062782919542,CUMMINS INC,Growth,International Shares,Global Shares,Global Shares,Industrials - 20,New York Stock Exchange Inc.,USD,United States,,Construction Machinery & Heavy Transportation Equipment - 20106010,World Large Blend Equity,International Equities - Unhedged,IEQStock
0.006429607471927911,PUBLIC SERVICE ENTERPRISE GROUP IN,Growth,International Shares,Global Shares,Global Shares,Utilities - 55,New York Stock Exchange Inc.,USD,United States,,Multi-Utilities - 55103010,World Large Blend Equity,International Equities - Unhedged,IEQStock
0.007927360855139858,CONSOLIDATED EDISON INC,Growth,International Shares,Global Shares,Global Shares,Utilities - 55,New York Stock Exchange Inc.,USD,United States,,Multi-Utilities - 55103010,World Large Blend Equity,International Equities - Unhedged,IEQStock
0.008128476246545535,LENNAR A CORP,Growth,International Shares,Global Shares,Global Shares,Consumer Discretionary - 25,New York Stock Exchange Inc.,USD,United States,,Homebuilding - 25201030,World Large Blend Equity,International Equities - Unhedged,IEQStock
0.006729619600273263,FIDELITY NATIONAL INFORMATION SERV,Growth,International Shares,Global Shares,Global Shares,Financials - 40,New York Stock Exchange Inc.,USD,United States,,Transaction & Payment Processing Services - 40201060,World Large Blend Equity,International Equities - Unhedged,IEQStock
0.006257343437158619,PPG INDUSTRIES INC,Growth,International Shares,Global Shares,Global Shares,Materials - 15,New York Stock Exchange Inc.,USD,United States,,Specialty Chemicals - 15101050,World Large Blend Equity,International Equities - Unhedged,IEQStock
0.011110739853083283,UNITED RENTALS INC,Growth,International Shares,Global Shares,Global Shares,Industrials - 20,New York Stock Exchange Inc.,USD,United States,,Trading Companies & Distributors - 20107010,World Large Blend Equity,International Equities - Unhedged,IEQStock
0.0077953100966498615,KROGER,Growth,International Shares,Global Shares,Global Shares,Consumer Staples - 30,New York Stock Exchange Inc.,USD,United States,,Food Retail - 30101030,World Large Blend Equity,International Equities - Unhedged,IEQStock
0.009011118987050022,ROCKWELL AUTOMATION INC,Growth,International Shares,Global Shares,Global Shares,Industrials - 20,New York Stock Exchange Inc.,USD,United States,,Electrical Components & Equipment - 20104010,World Large Blend Equity,International Equities - Unhedged,IEQStock
0.006753482385982817,VICI PPTYS INC,Growth,International Shares,Global Shares,Global Shares,Real Estate - 60,New York Stock Exchange Inc.,USD,United States,,Other Specialized REITs - 60108010,World Large Blend Equity,International Equities - Unhedged,IEQStock
0.0068294565523574135,DEVON ENERGY CORP,Growth,International Shares,Global Shares,Global Shares,Energy - 10,New York Stock Exchange Inc.,USD,United States,,Oil & Gas Exploration & Production - 10102020,World Large Blend Equity,International Equities - Unhedged,IEQStock
0.005237611833337562,GLOBAL PAYMENTS INC,Growth,International Shares,Global Shares,Global Shares,Financials - 40,New York Stock Exchange Inc.,USD,United States,,Transaction & Payment Processing Services - 40201060,World Large Blend Equity,International Equities - Unhedged,IEQStock
0.00725893558232716,HERSHEY FOODS,Growth,International Shares,Global Shares,Global Shares,Consumer Staples - 30,New York Stock Exchange Inc.,USD,United States,,Packaged Foods & Meats - 30202030,World Large Blend Equity,International Equities - Unhedged,IEQStock
0.00774359104921254,VULCAN MATERIALS,Growth,International Shares,Global Shares,Global Shares,Materials - 15,New York Stock Exchange Inc.,USD,United States,,Construction Materials - 15102010,World Large Blend Equity,International Equities - Unhedged,IEQStock
0.008466457703931961,MARTIN MARIETTA MATERIALS INC,Growth,International Shares,Global Shares,Global Shares,Materials - 15,New York Stock Exchange Inc.,USD,United States,,Construction Materials - 15102010,World Large Blend Equity,International Equities - Unhedged,IEQStock
0.006453843024327986,INGERSOLL RAND INC,Growth,International Shares,Global Shares,Global Shares,Industrials - 20,New York Stock Exchange Inc.,USD,United States,,Industrial Machinery & Supplies & Components - 20106020,World Large Blend Equity,International Equities - Unhedged,IEQStock
0.010863584518561923,CARDINAL HEALTH INC,Growth,International Shares,Global Shares,Global Shares,Health Care - 35,New York Stock Exchange Inc.,USD,United States,,Health Care Distributors - 35102010,World Large Blend Equity,International Equities - Unhedged,IEQStock
0.0067623433476256285,WEC ENERGY GROUP INC,Growth,International Shares,Global Shares,Global Shares,Utilities - 55,New York Stock Exchange Inc.,USD,United States,,Multi-Utilities - 55103010,World Large Blend Equity,International Equities - Unhedged,IEQStock
0.03241581252720264,TELUS CORP,Growth,International Shares,Global Shares,Global Shares,Communication Services - 50,New York Stock Exchange Inc.,USD,United States,,Integrated Telecommunication Services - 50101020,World Large Blend Equity,International Equities - Unhedged,IEQStock
0.005615382721921811,AMERICAN WATER WORKS INC,Growth,International Shares,Global Shares,Global Shares,Utilities - 55,New York Stock Exchange Inc.,USD,United States,,Water Utilities - 55104010,World Large Blend Equity,International Equities - Unhedged,IEQStock
0.005211628815782503,WEST PHARMACEUTICAL SERVICES INC,Growth,International Shares,Global Shares,Global Shares,Health Care - 35,New York Stock Exchange Inc.,USD,United States,,Life Sciences Tools & Services - 35203010,World Large Blend Equity,International Equities - Unhedged,IEQStock
0.004277307741119265,EDISON INTERNATIONAL,Growth,International Shares,Global Shares,Global Shares,Utilities - 55,New York Stock Exchange Inc.,USD,United States,,Electric Utilities - 55101010,World Large Blend Equity,International Equities - Unhedged,IEQStock
0.009307353241114475,QUANTA SERVICES INC,Growth,International Shares,Global Shares,Global Shares,Industrials - 20,New York Stock Exchange Inc.,USD,United States,,Construction & Engineering - 20103010,World Large Blend Equity,International Equities - Unhedged,IEQStock
0.004738573767401272,AVALONBAY COMMUNITIES REIT INC,Growth,International Shares,Global Shares,Global Shares,Real Estate - 60,New York Stock Exchange Inc.,USD,United States,,Multi-Family Residential REITs  - 60106010,World Large Blend Equity,International Equities - Unhedged,IEQStock
0.004298034825153021,HP INC,Growth,International Shares,Global Shares,Global Shares,Information Technology - 45,New York Stock Exchange Inc.,USD,United States,,"Tech Hardware, Storage & Peripherals - 45202030",World Large Blend Equity,International Equities - Unhedged,IEQStock
0.003625593672695616,LYONDELLBASELL INDUSTRIES NV CLASS,Growth,International Shares,Global Shares,Global Shares,Materials - 15,New York Stock Exchange Inc.,USD,United States,,Commodity Chemicals - 15101010,World Large Blend Equity,International Equities - Unhedged,IEQStock
0.006056335760532317,FAIR ISAAC CORP,Growth,International Shares,Global Shares,Global Shares,Information Technology - 45,New York Stock Exchange Inc.,USD,United States,,Application Software - 45103010,World Large Blend Equity,International Equities - Unhedged,IEQStock
0.00736076360811796,XYLEM INC,Growth,International Shares,Global Shares,Global Shares,Industrials - 20,New York Stock Exchange Inc.,USD,United States,,Industrial Machinery & Supplies & Components - 20106020,World Large Blend Equity,International Equities - Unhedged,IEQStock
0.007429840888781464,CBRE GROUP INC CLASS A,Growth,International Shares,Global Shares,Global Shares,Real Estate - 60,New York Stock Exchange Inc.,USD,United States,,Real Estate Services - 60201040,World Large Blend Equity,International Equities - Unhedged,IEQStock
0.005772784567503287,FORTIVE CORP,Growth,International Shares,Global Shares,Global Shares,Industrials - 20,New York Stock Exchange Inc.,USD,United States,,Industrial Machinery & Supplies & Components - 20106020,World Large Blend Equity,International Equities - Unhedged,IEQStock
0.007120786775370046,METTLER TOLEDO INC,Growth,International Shares,Global Shares,Global Shares,Health Care - 35,New York Stock Exchange Inc.,USD,United States,,Life Sciences Tools & Services - 35203010,World Large Blend Equity,International Equities - Unhedged,IEQStock
0.006072762775338658,EXTRA SPACE STORAGE REIT INC,Growth,International Shares,Global Shares,Global Shares,Real Estate - 60,New York Stock Exchange Inc.,USD,United States,,Self-Storage REITs - 60108020,World Large Blend Equity,International Equities - Unhedged,IEQStock
0.00750867340673005,HARTFORD FINANCIAL SERVICES GROUP,Growth,International Shares,Global Shares,Global Shares,Financials - 40,New York Stock Exchange Inc.,USD,United States,,Property & Casualty Insurance - 40301040,World Large Blend Equity,International Equities - Unhedged,IEQStock
0.005621321780210938,EQUIFAX INC,Growth,International Shares,Global Shares,Global Shares,Industrials - 20,New York Stock Exchange Inc.,USD,United States,,Research & Consulting Services - 20202020,World Large Blend Equity,International Equities - Unhedged,IEQStock
0.007540916659851198,KEYSIGHT TECHNOLOGIES INC,Growth,International Shares,Global Shares,Global Shares,Information Technology - 45,New York Stock Exchange Inc.,USD,United States,,Electronic Equipment & Instruments - 45203010,World Large Blend Equity,International Equities - Unhedged,IEQStock
0.004216335513476484,WEYERHAEUSER REIT,Growth,International Shares,Global Shares,Global Shares,Real Estate - 60,New York Stock Exchange Inc.,USD,United States,,Timber REITs - 60108040,World Large Blend Equity,International Equities - Unhedged,IEQStock
0.005442892893579932,ZIMMER BIOMET HOLDINGS INC,Growth,International Shares,Global Shares,Global Shares,Health Care - 35,New York Stock Exchange Inc.,USD,United States,,Health Care Equipment - 35101010,World Large Blend Equity,International Equities - Unhedged,IEQStock
0.008030525654476029,ROYAL CARIBBEAN GROUP LTD,Growth,International Shares,Global Shares,Global Shares,Consumer Discretionary - 25,New York Stock Exchange Inc.,USD,United States,,"Hotels, Resorts & Cruise Lines - 25301020",World Large Blend Equity,International Equities - Unhedged,IEQStock
0.004488862736564597,CHURCH AND DWIGHT INC,Growth,International Shares,Global Shares,Global Shares,Consumer Staples - 30,New York Stock Exchange Inc.,USD,United States,,Household Products - 30301010,World Large Blend Equity,International Equities - Unhedged,IEQStock
0.006239332815208746,STERIS,Growth,International Shares,Global Shares,Global Shares,Health Care - 35,New York Stock Exchange Inc.,USD,United States,,Health Care Equipment - 35101010,World Large Blend Equity,International Equities - Unhedged,IEQStock
0.0014609366895740237,DELTA AIR LINES INC,Growth,International Shares,Global Shares,Global Shares,Industrials - 20,New York Stock Exchange Inc.,USD,United States,,Passenger Airlines - 20302010,World Large Blend Equity,International Equities - Unhedged,IEQStock
0.004092715355357896,SEA ADS REPRESENTING LTD CLASS A,Growth,International Shares,Global Shares,Global Shares,Communication Services - 50,New York Stock Exchange Inc.,USD,Singapore,,Interactive Home Entertainment - 50202020,World Large Blend Equity,International Equities - Unhedged,IEQStock
0.004760095324329517,AERCAP HOLDINGS NV,Growth,International Shares,Global Shares,Global Shares,Industrials - 20,New York Stock Exchange Inc.,USD,Netherlands,,Trading Companies & Distributors - 20107010,World Large Blend Equity,International Equities - Unhedged,IEQStock
0.00224876485881108,CNH INDUSTRIAL NV,Growth,International Shares,Global Shares,Global Shares,Industrials - 20,New York Stock Exchange Inc.,USD,United States,,Agricultural & Farm Machinery - 20106015,World Large Blend Equity,International Equities - Unhedged,IEQStock
0.0037352099254730742,TEVA PHARMACEUTICAL INDUSTRIES ADR,Growth,International Shares,Global Shares,Global Shares,Health Care - 35,New York Stock Exchange Inc.,USD,Israel,,Pharmaceuticals - 35202010,World Large Blend Equity,International Equities - Unhedged,IEQStock
0.0009394672349317887,MERIDIAN ENERGY LTD,Growth,International Shares,Global Shares,Global Shares,Utilities - 55,New Zealand Exchange Ltd,NZD,New Zealand,,Renewable Electricity - 55105020,World Large Blend Equity,International Equities - Unhedged,IEQStock
0.0007115533727299594,MERCURY NZ LTD,Growth,International Shares,Global Shares,Global Shares,Utilities - 55,New Zealand Exchange Ltd,NZD,New Zealand,,Electric Utilities - 55101010,World Large Blend Equity,International Equities - Unhedged,IEQStock
0.012097695012728735,DBS GROUP HOLDINGS LTD,Growth,International Shares,Global Shares,Global Shares,Financials - 40,Singapore Exchange,SGD,Singapore,,Unknown,World Large Blend Equity,International Equities - Unhedged,IEQStock
0.00818618076530738,OVERSEA-CHINESE BANKING LTD,Growth,International Shares,Global Shares,Global Shares,Financials - 40,Singapore Exchange,SGD,Singapore,,Unknown,World Large Blend Equity,International Equities - Unhedged,IEQStock
0.005137585403763968,SINGAPORE TELECOMMUNICATIONS LTD,Growth,International Shares,Global Shares,Global Shares,Communication Services - 50,Singapore Exchange,SGD,Singapore,,Unknown,World Large Blend Equity,International Equities - Unhedged,IEQStock
0.0019653734106041282,CAPITALAND ASCENDAS REIT,Growth,International Shares,Global Shares,Global Shares,Real Estate - 60,Singapore Exchange,SGD,Singapore,,Unknown,World Large Blend Equity,International Equities - Unhedged,IEQStock
0.0021940356793881547,CAPITALAND INTEGRATED COMMERCIAL T,Growth,International Shares,Global Shares,Global Shares,Real Estate - 60,Singapore Exchange,SGD,Singapore,,Unknown,World Large Blend Equity,International Equities - Unhedged,IEQStock
0.0026388780390869337,KEPPEL LTD,Growth,International Shares,Global Shares,Global Shares,Industrials - 20,Singapore Exchange,SGD,Singapore,,Unknown,World Large Blend Equity,International Equities - Unhedged,IEQStock
0.001640616073447594,SINGAPORE AIRLINES LTD,Growth,International Shares,Global Shares,Global Shares,Industrials - 20,Singapore Exchange,SGD,Singapore,,Unknown,World Large Blend Equity,International Equities - Unhedged,IEQStock
0.002285160111272363,JARDINE MATHESON HOLDINGS LTD,Growth,International Shares,Global Shares,Global Shares,Industrials - 20,Singapore Exchange,USD,Hong Kong,,Unknown,World Large Blend Equity,International Equities - Unhedged,IEQStock
0.0018281704686907488,SINGAPORE EXCHANGE LTD,Growth,International Shares,Global Shares,Global Shares,Financials - 40,Singapore Exchange,SGD,Singapore,,Unknown,World Large Blend Equity,International Equities - Unhedged,IEQStock
0.0013605471164154918,CAPITALAND INVESTMENT LTD,Growth,International Shares,Global Shares,Global Shares,Real Estate - 60,Singapore Exchange,SGD,Singapore,,Unknown,World Large Blend Equity,International Equities - Unhedged,IEQStock
0.0011237059548706398,WILMAR INTERNATIONAL LTD,Growth,International Shares,Global Shares,Global Shares,Consumer Staples - 30,Singapore Exchange,SGD,Singapore,,Unknown,World Large Blend Equity,International Equities - Unhedged,IEQStock
0.0017995267517867,SINGAPORE TECHNOLOGIES ENGINEERING,Growth,International Shares,Global Shares,Global Shares,Industrials - 20,Singapore Exchange,SGD,Singapore,,Unknown,World Large Blend Equity,International Equities - Unhedged,IEQStock
0.000983213806408119,MAPLETREE LOGISTICS TRUST UNITS,Growth,International Shares,Global Shares,Global Shares,Real Estate - 60,Singapore Exchange,SGD,Singapore,,Unknown,World Large Blend Equity,International Equities - Unhedged,IEQStock
0.0010605482852494843,GENTING SINGAPORE LTD,Growth,International Shares,Global Shares,Global Shares,Consumer Discretionary - 25,Singapore Exchange,SGD,Singapore,,Unknown,World Large Blend Equity,International Equities - Unhedged,IEQStock
0.0007867076569214367,SEATRIUM,Growth,International Shares,Global Shares,Global Shares,Industrials - 20,Singapore Exchange,SGD,Singapore,,Unknown,World Large Blend Equity,International Equities - Unhedged,IEQStock
0.001135238341236466,HONGKONG LAND HOLDINGS LTD,Growth,International Shares,Global Shares,Global Shares,Real Estate - 60,Singapore Exchange,USD,Hong Kong,,Unknown,World Large Blend Equity,International Equities - Unhedged,IEQStock
0.0009385167867344514,SEMBCORP INDUSTRIES LTD,Growth,International Shares,Global Shares,Global Shares,Utilities - 55,Singapore Exchange,SGD,Singapore,,Unknown,World Large Blend Equity,International Equities - Unhedged,IEQStock
0.0007333765637819671,CITY DEVELOPMENTS LTD,Growth,International Shares,Global Shares,Global Shares,Real Estate - 60,Singapore Exchange,SGD,Singapore,,Unknown,World Large Blend Equity,International Equities - Unhedged,IEQStock
0.0007209101326365826,MAPLETREE PAN ASIA COMMERCIAL TRUS,Growth,International Shares,Global Shares,Global Shares,Real Estate - 60,Singapore Exchange,SGD,Singapore,,Unknown,World Large Blend Equity,International Equities - Unhedged,IEQStock
0.0004992677860566913,JARDINE CYCLE AND CARRIAGE LTD,Growth,International Shares,Global Shares,Global Shares,Industrials - 20,Singapore Exchange,SGD,Singapore,,Unknown,World Large Blend Equity,International Equities - Unhedged,IEQStock
0.0007444848104545893,UOL GROUP LTD,Growth,International Shares,Global Shares,Global Shares,Real Estate - 60,Singapore Exchange,SGD,Singapore,,Unknown,World Large Blend Equity,International Equities - Unhedged,IEQStock
0.006014490369088437,SWISS LIFE HOLDING AG,Growth,International Shares,Global Shares,Global Shares,Financials - 40,SIX Swiss Exchange,CHF,Switzerland,,Life & Health Insurance - 40301020,World Large Blend Equity,International Equities - Unhedged,IEQStock
0.005231339612923498,GEBERIT AG,Growth,International Shares,Global Shares,Global Shares,Industrials - 20,SIX Swiss Exchange,CHF,Switzerland,,Building Products - 20102010,World Large Blend Equity,International Equities - Unhedged,IEQStock
0.0032178454425872485,KUEHNE UND NAGEL INTERNATIONAL AG,Growth,International Shares,Global Shares,Global Shares,Industrials - 20,SIX Swiss Exchange,CHF,Switzerland,,Marine Transportation - 20303010,World Large Blend Equity,International Equities - Unhedged,IEQStock
0.0030913903314097125,STRAUMANN HOLDING AG,Growth,International Shares,Global Shares,Global Shares,Health Care - 35,SIX Swiss Exchange,CHF,Switzerland,,Health Care Equipment - 35101010,World Large Blend Equity,International Equities - Unhedged,IEQStock
0.00396024707541413,SWISSCOM AG,Growth,International Shares,Global Shares,Global Shares,Communication Services - 50,SIX Swiss Exchange,CHF,Switzerland,,Integrated Telecommunication Services - 50101020,World Large Blend Equity,International Equities - Unhedged,IEQStock
0.0037880869099554343,LOGITECH INTERNATIONAL SA,Growth,International Shares,Global Shares,Global Shares,Information Technology - 45,SIX Swiss Exchange,CHF,Switzerland,,"Tech Hardware, Storage & Peripherals - 45202030",World Large Blend Equity,International Equities - Unhedged,IEQStock
0.003512998144274598,CHOCOLADEFABRIKEN LINDT & SPRUENGL,Growth,International Shares,Global Shares,Global Shares,Consumer Staples - 30,SIX Swiss Exchange,CHF,Switzerland,,Packaged Foods & Meats - 30202030,World Large Blend Equity,International Equities - Unhedged,IEQStock
0.0031884003338123906,SGS SA,Growth,International Shares,Global Shares,Global Shares,Industrials - 20,SIX Swiss Exchange,CHF,Switzerland,,Research & Consulting Services - 20202020,World Large Blend Equity,International Equities - Unhedged,IEQStock
0.0024932198551359352,SONOVA HOLDING AG,Growth,International Shares,Global Shares,Global Shares,Health Care - 35,SIX Swiss Exchange,CHF,Switzerland,,Health Care Equipment - 35101010,World Large Blend Equity,International Equities - Unhedged,IEQStock
0.0033590963131494697,CHOCOLADEFABRIKEN LINDT & SPRUENGL,Growth,International Shares,Global Shares,Global Shares,Consumer Staples - 30,SIX Swiss Exchange,CHF,Switzerland,,Packaged Foods & Meats - 30202030,World Large Blend Equity,International Equities - Unhedged,IEQStock
0.0025045419070960535,JULIUS BAER GRUPPE AG,Growth,International Shares,Global Shares,Global Shares,Financials - 40,SIX Swiss Exchange,CHF,Switzerland,,Asset Management & Custody Banks - 40203010,World Large Blend Equity,International Equities - Unhedged,IEQStock
0.004927734823294121,SANDOZ GROUP AG,Growth,International Shares,Global Shares,Global Shares,Health Care - 35,SIX Swiss Exchange,CHF,Switzerland,,Pharmaceuticals - 35202010,World Large Blend Equity,International Equities - Unhedged,IEQStock
0.0029701354475483313,VAT GROUP AG,Growth,International Shares,Global Shares,Global Shares,Industrials - 20,SIX Swiss Exchange,CHF,Switzerland,,Industrial Machinery & Supplies & Components - 20106020,World Large Blend Equity,International Equities - Unhedged,IEQStock
0.0024879087153265285,SCHINDLER HOLDING PAR AG,Growth,International Shares,Global Shares,Global Shares,Industrials - 20,SIX Swiss Exchange,CHF,Switzerland,,Industrial Machinery & Supplies & Components - 20106020,World Large Blend Equity,International Equities - Unhedged,IEQStock
0.0014200135104135234,THE SWATCH GROUP AG,Growth,International Shares,Global Shares,Global Shares,Consumer Discretionary - 25,SIX Swiss Exchange,CHF,Switzerland,,"Apparel, Accessories & Luxury Goods - 25203010",World Large Blend Equity,International Equities - Unhedged,IEQStock
0.000801264688088222,SIG GROUP N AG,Growth,International Shares,Global Shares,Global Shares,Materials - 15,SIX Swiss Exchange,CHF,Switzerland,,Paper & Plastic Packaging Products & Materials - 15103020,World Large Blend Equity,International Equities - Unhedged,IEQStock
0.001553558222387738,ADECCO GROUP AG,Growth,International Shares,Global Shares,Global Shares,Industrials - 20,SIX Swiss Exchange,CHF,Switzerland,,Human Resource & Employment Services - 20202010,World Large Blend Equity,International Equities - Unhedged,IEQStock
0.0026145894808551617,ROCHE HOLDING AG,Growth,International Shares,Global Shares,Global Shares,Health Care - 35,SIX Swiss Exchange,CHF,Switzerland,,Pharmaceuticals - 35202010,World Large Blend Equity,International Equities - Unhedged,IEQStock
0.002059281688564943,SWISS PRIME SITE AG,Growth,International Shares,Global Shares,Global Shares,Real Estate - 60,SIX Swiss Exchange,CHF,Switzerland,,Real Estate Operating Companies - 60201020,World Large Blend Equity,International Equities - Unhedged,IEQStock
0.002161828353757149,BALOISE HOLDING AG,Growth,International Shares,Global Shares,Global Shares,Financials - 40,SIX Swiss Exchange,CHF,Switzerland,,Multi-line Insurance - 40301030,World Large Blend Equity,International Equities - Unhedged,IEQStock
0.0012878325575419102,BARRY CALLEBAUT AG,Growth,International Shares,Global Shares,Global Shares,Consumer Staples - 30,SIX Swiss Exchange,CHF,Switzerland,,Packaged Foods & Meats - 30202030,World Large Blend Equity,International Equities - Unhedged,IEQStock
0.0017274349779610398,TEMENOS AG,Growth,International Shares,Global Shares,Global Shares,Information Technology - 45,SIX Swiss Exchange,CHF,Switzerland,,Application Software - 45103010,World Large Blend Equity,International Equities - Unhedged,IEQStock
0.001553149585291135,SCHINDLER HOLDING AG,Growth,International Shares,Global Shares,Global Shares,Industrials - 20,SIX Swiss Exchange,CHF,Switzerland,,Industrial Machinery & Supplies & Components - 20106020,World Large Blend Equity,International Equities - Unhedged,IEQStock
0.0006678274359418294,THE SWATCH GROUP AG,Growth,International Shares,Global Shares,Global Shares,Consumer Discretionary - 25,SIX Swiss Exchange,CHF,Switzerland,,"Apparel, Accessories & Luxury Goods - 25203010",World Large Blend Equity,International Equities - Unhedged,IEQStock
0.07332855609077928,NESTLE SA,Growth,International Shares,Global Shares,Global Shares,Consumer Staples - 30,SIX Swiss Exchange,CHF,Switzerland,,Packaged Foods & Meats - 30202030,World Large Blend Equity,International Equities - Unhedged,IEQStock
0.05641122647783847,NOVARTIS AG,Growth,International Shares,Global Shares,Global Shares,Health Care - 35,SIX Swiss Exchange,CHF,Switzerland,,Pharmaceuticals - 35202010,World Large Blend Equity,International Equities - Unhedged,IEQStock
0.054543050163392046,ROCHE HOLDING PAR AG,Growth,International Shares,Global Shares,Global Shares,Health Care - 35,SIX Swiss Exchange,CHF,Switzerland,,Pharmaceuticals - 35202010,World Large Blend Equity,International Equities - Unhedged,IEQStock
0.024983975703972865,UBS GROUP AG,Growth,International Shares,Global Shares,Global Shares,Financials - 40,SIX Swiss Exchange,CHF,Switzerland,,Diversified Capital Markets - 40203030,World Large Blend Equity,International Equities - Unhedged,IEQStock
0.02187822873189317,COMPAGNIE FINANCIERE RICHEMONT SA,Growth,International Shares,Global Shares,Global Shares,Consumer Discretionary - 25,SIX Swiss Exchange,CHF,Switzerland,,"Apparel, Accessories & Luxury Goods - 25203010",World Large Blend Equity,International Equities - Unhedged,IEQStock
0.018183843243525573,ABB LTD,Growth,International Shares,Global Shares,Global Shares,Industrials - 20,SIX Swiss Exchange,CHF,Switzerland,,Electrical Components & Equipment - 20104010,World Large Blend Equity,International Equities - Unhedged,IEQStock
0.007082536415129192,ALCON AG,Growth,International Shares,Global Shares,Global Shares,Health Care - 35,SIX Swiss Exchange,CHF,Switzerland,,Health Care Supplies - 35101020,World Large Blend Equity,International Equities - Unhedged,IEQStock
0.007039928717847949,SIKA AG,Growth,International Shares,Global Shares,Global Shares,Materials - 15,SIX Swiss Exchange,CHF,Switzerland,,Specialty Chemicals - 15101050,World Large Blend Equity,International Equities - Unhedged,IEQStock
0.007761571569926083,HOLCIM LTD AG,Growth,International Shares,Global Shares,Global Shares,Materials - 15,SIX Swiss Exchange,CHF,Switzerland,,Construction Materials - 15102010,World Large Blend Equity,International Equities - Unhedged,IEQStock
0.008404957390607034,SWISS RE AG,Growth,International Shares,Global Shares,Global Shares,Financials - 40,SIX Swiss Exchange,CHF,Switzerland,,Reinsurance - 40301050,World Large Blend Equity,International Equities - Unhedged,IEQStock
0.007475747566600395,GIVAUDAN SA,Growth,International Shares,Global Shares,Global Shares,Materials - 15,SIX Swiss Exchange,CHF,Switzerland,,Specialty Chemicals - 15101050,World Large Blend Equity,International Equities - Unhedged,IEQStock
0.008517372707680307,LONZA GROUP AG,Growth,International Shares,Global Shares,Global Shares,Health Care - 35,SIX Swiss Exchange,CHF,Switzerland,,Life Sciences Tools & Services - 35203010,World Large Blend Equity,International Equities - Unhedged,IEQStock
0.005366261373900333,PARTNERS GROUP HOLDING AG,Growth,International Shares,Global Shares,Global Shares,Financials - 40,SIX Swiss Exchange,CHF,Switzerland,,Asset Management & Custody Banks - 40203010,World Large Blend Equity,International Equities - Unhedged,IEQStock
0.0016397885621943738,HELVETIA HOLDING AG,Growth,International Shares,Global Shares,Global Shares,Financials - 40,SIX Swiss Exchange,CHF,Switzerland,,Multi-line Insurance - 40301030,World Large Blend Equity,International Equities - Unhedged,IEQStock
0.0010773932155783087,EMS-CHEMIE HOLDING AG,Growth,International Shares,Global Shares,Global Shares,Materials - 15,SIX Swiss Exchange,CHF,Switzerland,,Specialty Chemicals - 15101050,World Large Blend Equity,International Equities - Unhedged,IEQStock
0.0009620910644906357,BC VAUD N,Growth,International Shares,Global Shares,Global Shares,Financials - 40,SIX Swiss Exchange,CHF,Switzerland,,Regional Banks - 40101015,World Large Blend Equity,International Equities - Unhedged,IEQStock
0.00045204964786443137,CLARIANT AG,Growth,International Shares,Global Shares,Global Shares,Materials - 15,SIX Swiss Exchange,CHF,Switzerland,,Specialty Chemicals - 15101050,World Large Blend Equity,International Equities - Unhedged,IEQStock
0.000473437364853756,BACHEM HOLDING AG,Growth,International Shares,Global Shares,Global Shares,Health Care - 35,SIX Swiss Exchange,CHF,Switzerland,,Life Sciences Tools & Services - 35203010,World Large Blend Equity,International Equities - Unhedged,IEQStock
0.0041755799798724545,BANK LEUMI LE ISRAEL,Growth,International Shares,Global Shares,Global Shares,Financials - 40,Tel Aviv Stock Exchange,ILS,Israel,,Diversified Banks - 40101010,World Large Blend Equity,International Equities - Unhedged,IEQStock
0.001657921261797728,NICE LTD,Growth,International Shares,Global Shares,Global Shares,Information Technology - 45,Tel Aviv Stock Exchange,ILS,Israel,,Application Software - 45103010,World Large Blend Equity,International Equities - Unhedged,IEQStock
0.003932683591064781,BANK HAPOALIM BM,Growth,International Shares,Global Shares,Global Shares,Financials - 40,Tel Aviv Stock Exchange,ILS,Israel,,Diversified Banks - 40101010,World Large Blend Equity,International Equities - Unhedged,IEQStock
0.001932926465206369,ISRAEL DISCOUNT BANK LTD,Growth,International Shares,Global Shares,Global Shares,Financials - 40,Tel Aviv Stock Exchange,ILS,Israel,,Diversified Banks - 40101010,World Large Blend Equity,International Equities - Unhedged,IEQStock
0.0018642545904772475,MIZRAHI TEFAHOT BANK LTD,Growth,International Shares,Global Shares,Global Shares,Financials - 40,Tel Aviv Stock Exchange,ILS,Israel,,Diversified Banks - 40101010,World Large Blend Equity,International Equities - Unhedged,IEQStock
0.002082643467327942,ELBIT SYSTEMS LTD,Growth,International Shares,Global Shares,Global Shares,Industrials - 20,Tel Aviv Stock Exchange,ILS,Israel,,Aerospace & Defense - 20101010,World Large Blend Equity,International Equities - Unhedged,IEQStock
0.0007957385823250988,ICL GROUP LTD,Growth,International Shares,Global Shares,Global Shares,Materials - 15,Tel Aviv Stock Exchange,ILS,Israel,,Fertilizers & Agricultural Chemicals - 15101030,World Large Blend Equity,International Equities - Unhedged,IEQStock
0.0007098278046823481,AZRIELI GROUP LTD,Growth,International Shares,Global Shares,Global Shares,Real Estate - 60,Tel Aviv Stock Exchange,ILS,Israel,,Real Estate Operating Companies - 60201020,World Large Blend Equity,International Equities - Unhedged,IEQStock
0.008352990648010837,FUJITSU LTD,Growth,International Shares,Global Shares,Global Shares,Information Technology - 45,Tokyo Stock Exchange,JPY,Japan,,IT Consulting & Other Services - 45102010,World Large Blend Equity,International Equities - Unhedged,IEQStock
0.007875287051016864,SUMITOMO CORP,Growth,International Shares,Global Shares,Global Shares,Industrials - 20,Tokyo Stock Exchange,JPY,Japan,,Trading Companies & Distributors - 20107010,World Large Blend Equity,International Equities - Unhedged,IEQStock
0.007720590289517797,BRIDGESTONE CORP,Growth,International Shares,Global Shares,Global Shares,Consumer Discretionary - 25,Tokyo Stock Exchange,JPY,Japan,,Tires & Rubber - 25101020,World Large Blend Equity,International Equities - Unhedged,IEQStock
0.009688275065862926,MARUBENI CORP,Growth,International Shares,Global Shares,Global Shares,Industrials - 20,Tokyo Stock Exchange,JPY,Japan,,Trading Companies & Distributors - 20107010,World Large Blend Equity,International Equities - Unhedged,IEQStock
0.007104933712063071,KOMATSU LTD,Growth,International Shares,Global Shares,Global Shares,Industrials - 20,Tokyo Stock Exchange,JPY,Japan,,Construction Machinery & Heavy Transportation Equipment - 20106010,World Large Blend Equity,International Equities - Unhedged,IEQStock
0.006121700730546743,ASTELLAS PHARMA INC,Growth,International Shares,Global Shares,Global Shares,Health Care - 35,Tokyo Stock Exchange,JPY,Japan,,Pharmaceuticals - 35202010,World Large Blend Equity,International Equities - Unhedged,IEQStock
0.015268648381726936,ADVANTEST CORP,Growth,International Shares,Global Shares,Global Shares,Information Technology - 45,Tokyo Stock Exchange,JPY,Japan,,Semiconductor Materials & Equipment - 45301010,World Large Blend Equity,International Equities - Unhedged,IEQStock
0.005520549309995751,FUJIFILM HOLDINGS CORP,Growth,International Shares,Global Shares,Global Shares,Information Technology - 45,Tokyo Stock Exchange,JPY,Japan,,"Tech Hardware, Storage & Peripherals - 45202030",World Large Blend Equity,International Equities - Unhedged,IEQStock
0.006567183779946742,CHUGAI PHARMACEUTICAL LTD,Growth,International Shares,Global Shares,Global Shares,Health Care - 35,Tokyo Stock Exchange,JPY,Japan,,Pharmaceuticals - 35202010,World Large Blend Equity,International Equities - Unhedged,IEQStock
0.006382757468695312,ORIX CORP,Growth,International Shares,Global Shares,Global Shares,Financials - 40,Tokyo Stock Exchange,JPY,Japan,,Diversified Financial Services - 40201020,World Large Blend Equity,International Equities - Unhedged,IEQStock
0.005701728422691499,PANASONIC HOLDINGS CORP,Growth,International Shares,Global Shares,Global Shares,Consumer Discretionary - 25,Tokyo Stock Exchange,JPY,Japan,,Consumer Electronics - 25201010,World Large Blend Equity,International Equities - Unhedged,IEQStock
0.007410543303736544,MITSUI FUDOSAN LTD,Growth,International Shares,Global Shares,Global Shares,Real Estate - 60,Tokyo Stock Exchange,JPY,Japan,,Diversified Real Estate Activities - 60201010,World Large Blend Equity,International Equities - Unhedged,IEQStock
0.004642336219075006,JAPAN POST HOLDINGS LTD,Growth,International Shares,Global Shares,Global Shares,Financials - 40,Tokyo Stock Exchange,JPY,Japan,,Life & Health Insurance - 40301020,World Large Blend Equity,International Equities - Unhedged,IEQStock
0.006830429193743375,DAI-ICHI LIFE HOLDINGS INC,Growth,International Shares,Global Shares,Global Shares,Financials - 40,Tokyo Stock Exchange,JPY,Japan,,Life & Health Insurance - 40301020,World Large Blend Equity,International Equities - Unhedged,IEQStock
0.005193511060766771,RENESAS ELECTRONICS CORP,Growth,International Shares,Global Shares,Global Shares,Information Technology - 45,Tokyo Stock Exchange,JPY,Japan,,Semiconductors - 45301020,World Large Blend Equity,International Equities - Unhedged,IEQStock
0.004115639646378019,TERUMO CORP,Growth,International Shares,Global Shares,Global Shares,Health Care - 35,Tokyo Stock Exchange,JPY,Japan,,Health Care Equipment - 35101010,World Large Blend Equity,International Equities - Unhedged,IEQStock
0.0045970196330961605,NIPPON STEEL CORP,Growth,International Shares,Global Shares,Global Shares,Materials - 15,Tokyo Stock Exchange,JPY,Japan,,Steel - 15104050,World Large Blend Equity,International Equities - Unhedged,IEQStock
0.004452577100469631,ASAHI GROUP HOLDINGS LTD,Growth,International Shares,Global Shares,Global Shares,Consumer Staples - 30,Tokyo Stock Exchange,JPY,Japan,,Brewers - 30201010,World Large Blend Equity,International Equities - Unhedged,IEQStock
0.0058735344546217315,DISCO CORP,Growth,International Shares,Global Shares,Global Shares,Information Technology - 45,Tokyo Stock Exchange,JPY,Japan,,Semiconductor Materials & Equipment - 45301010,World Large Blend Equity,International Equities - Unhedged,IEQStock
0.008759558102606264,MITSUBISHI HEAVY INDUSTRIES LTD,Growth,International Shares,Global Shares,Global Shares,Industrials - 20,Tokyo Stock Exchange,JPY,Japan,,Industrial Machinery & Supplies & Components - 20106020,World Large Blend Equity,International Equities - Unhedged,IEQStock
0.0035914433551501733,OLYMPUS CORP,Growth,International Shares,Global Shares,Global Shares,Health Care - 35,Tokyo Stock Exchange,JPY,Japan,,Health Care Equipment - 35101010,World Large Blend Equity,International Equities - Unhedged,IEQStock
0.00413396271482487,KAO CORP,Growth,International Shares,Global Shares,Global Shares,Consumer Staples - 30,Tokyo Stock Exchange,JPY,Japan,,Personal Care Products - 30302010,World Large Blend Equity,International Equities - Unhedged,IEQStock
0.005824696611172442,KYOCERA CORP,Growth,International Shares,Global Shares,Global Shares,Information Technology - 45,Tokyo Stock Exchange,JPY,Japan,,Electronic Components - 45203015,World Large Blend Equity,International Equities - Unhedged,IEQStock
0.004579222524739271,DAIWA HOUSE INDUSTRY LTD,Growth,International Shares,Global Shares,Global Shares,Real Estate - 60,Tokyo Stock Exchange,JPY,Japan,,Diversified Real Estate Activities - 60201010,World Large Blend Equity,International Equities - Unhedged,IEQStock
0.005874068700610186,CENTRAL JAPAN RAILWAY,Growth,International Shares,Global Shares,Global Shares,Industrials - 20,Tokyo Stock Exchange,JPY,Japan,,Rail Transportation - 20304010,World Large Blend Equity,International Equities - Unhedged,IEQStock
0.004665711643929155,AJINOMOTO INC,Growth,International Shares,Global Shares,Global Shares,Consumer Staples - 30,Tokyo Stock Exchange,JPY,Japan,,Packaged Foods & Meats - 30202030,World Large Blend Equity,International Equities - Unhedged,IEQStock
0.004052434181799687,MS&AD INSURANCE GROUP HOLDINGS INC,Growth,International Shares,Global Shares,Global Shares,Financials - 40,Tokyo Stock Exchange,JPY,Japan,,Property & Casualty Insurance - 40301040,World Large Blend Equity,International Equities - Unhedged,IEQStock
0.002448865925172261,NIDEC CORP,Growth,International Shares,Global Shares,Global Shares,Industrials - 20,Tokyo Stock Exchange,JPY,Japan,,Electrical Components & Equipment - 20104010,World Large Blend Equity,International Equities - Unhedged,IEQStock
0.005669903971534273,EAST JAPAN RAILWAY,Growth,International Shares,Global Shares,Global Shares,Industrials - 20,Tokyo Stock Exchange,JPY,Japan,,Rail Transportation - 20304010,World Large Blend Equity,International Equities - Unhedged,IEQStock
0.005516770619952248,TDK CORP,Growth,International Shares,Global Shares,Global Shares,Information Technology - 45,Tokyo Stock Exchange,JPY,Japan,,Electronic Components - 45203015,World Large Blend Equity,International Equities - Unhedged,IEQStock
0.005192249586133605,SUZUKI MOTOR CORP,Growth,International Shares,Global Shares,Global Shares,Consumer Discretionary - 25,Tokyo Stock Exchange,JPY,Japan,,Automobile Manufacturers - 25102010,World Large Blend Equity,International Equities - Unhedged,IEQStock
0.005939842900211493,MITSUBISHI ESTATE CO LTD,Growth,International Shares,Global Shares,Global Shares,Real Estate - 60,Tokyo Stock Exchange,JPY,Japan,,Diversified Real Estate Activities - 60201010,World Large Blend Equity,International Equities - Unhedged,IEQStock
0.0033738131382429265,SECOM LTD,Growth,International Shares,Global Shares,Global Shares,Industrials - 20,Tokyo Stock Exchange,JPY,Japan,,Security & Alarm Services - 20201080,World Large Blend Equity,International Equities - Unhedged,IEQStock
0.004225917157692218,KUBOTA CORP,Growth,International Shares,Global Shares,Global Shares,Industrials - 20,Tokyo Stock Exchange,JPY,Japan,,Agricultural & Farm Machinery - 20106015,World Large Blend Equity,International Equities - Unhedged,IEQStock
0.002221380905495436,UNICHARM CORP,Growth,International Shares,Global Shares,Global Shares,Consumer Staples - 30,Tokyo Stock Exchange,JPY,Japan,,Household Products - 30301010,World Large Blend Equity,International Equities - Unhedged,IEQStock
0.00847906254863423,LASERTEC CORP,Growth,International Shares,Global Shares,Global Shares,Information Technology - 45,Tokyo Stock Exchange,JPY,Japan,,Semiconductor Materials & Equipment - 45301010,World Large Blend Equity,International Equities - Unhedged,IEQStock
0.008163127371328616,AEON LTD,Growth,International Shares,Global Shares,Global Shares,Consumer Staples - 30,Tokyo Stock Exchange,JPY,Japan,,Consumer Staples Merchandise Retail - 30101040,World Large Blend Equity,International Equities - Unhedged,IEQStock
0.0038379873410530475,OTSUKA HOLDINGS LTD,Growth,International Shares,Global Shares,Global Shares,Health Care - 35,Tokyo Stock Exchange,JPY,Japan,,Pharmaceuticals - 35202010,World Large Blend Equity,International Equities - Unhedged,IEQStock
0.005153798614005312,INPEX CORP,Growth,International Shares,Global Shares,Global Shares,Energy - 10,Tokyo Stock Exchange,JPY,Japan,,Oil & Gas Exploration & Production - 10102020,World Large Blend Equity,International Equities - Unhedged,IEQStock
0.004270776217103131,JAPAN POST BANK LTD,Growth,International Shares,Global Shares,Global Shares,Financials - 40,Tokyo Stock Exchange,JPY,Japan,,Diversified Banks - 40101010,World Large Blend Equity,International Equities - Unhedged,IEQStock
0.00302185925419284,EISAI LTD,Growth,International Shares,Global Shares,Global Shares,Health Care - 35,Tokyo Stock Exchange,JPY,Japan,,Pharmaceuticals - 35202010,World Large Blend Equity,International Equities - Unhedged,IEQStock
0.002025902357137025,SHISEIDO LTD,Growth,International Shares,Global Shares,Global Shares,Consumer Staples - 30,Tokyo Stock Exchange,JPY,Japan,,Personal Care Products - 30302010,World Large Blend Equity,International Equities - Unhedged,IEQStock
0.003577166435742068,BANDAI NAMCO HOLDINGS INC,Growth,International Shares,Global Shares,Global Shares,Consumer Discretionary - 25,Tokyo Stock Exchange,JPY,Japan,,Leisure Products - 25202010,World Large Blend Equity,International Equities - Unhedged,IEQStock
0.004222371328519264,SOMPO HOLDINGS INC,Growth,International Shares,Global Shares,Global Shares,Financials - 40,Tokyo Stock Exchange,JPY,Japan,,Property & Casualty Insurance - 40301040,World Large Blend Equity,International Equities - Unhedged,IEQStock
0.005578060211118669,TOYOTA TSUSHO CORP,Growth,International Shares,Global Shares,Global Shares,Industrials - 20,Tokyo Stock Exchange,JPY,Japan,,Trading Companies & Distributors - 20107010,World Large Blend Equity,International Equities - Unhedged,IEQStock
0.004457350363447379,NOMURA HOLDINGS INC,Growth,International Shares,Global Shares,Global Shares,Financials - 40,Tokyo Stock Exchange,JPY,Japan,,Investment Banking & Brokerage - 40203020,World Large Blend Equity,International Equities - Unhedged,IEQStock
0.0037691720016374964,SUMITOMO MITSUI TRUST HOLDINGS INC,Growth,International Shares,Global Shares,Global Shares,Financials - 40,Tokyo Stock Exchange,JPY,Japan,,Diversified Banks - 40101010,World Large Blend Equity,International Equities - Unhedged,IEQStock
0.002877808532086201,SEKISUI HOUSE LTD,Growth,International Shares,Global Shares,Global Shares,Consumer Discretionary - 25,Tokyo Stock Exchange,JPY,Japan,,Homebuilding - 25201030,World Large Blend Equity,International Equities - Unhedged,IEQStock
0.007808606681915094,NEC CORP,Growth,International Shares,Global Shares,Global Shares,Information Technology - 45,Tokyo Stock Exchange,JPY,Japan,,IT Consulting & Other Services - 45102010,World Large Blend Equity,International Equities - Unhedged,IEQStock
0.0019169438355174377,SHIMANO INC,Growth,International Shares,Global Shares,Global Shares,Consumer Discretionary - 25,Tokyo Stock Exchange,JPY,Japan,,Leisure Products - 25202010,World Large Blend Equity,International Equities - Unhedged,IEQStock
0.0038869247751142345,TOYOTA INDUSTRIES CORP,Growth,International Shares,Global Shares,Global Shares,Industrials - 20,Tokyo Stock Exchange,JPY,Japan,,Construction Machinery & Heavy Transportation Equipment - 20106010,World Large Blend Equity,International Equities - Unhedged,IEQStock
0.0035456448772250584,NIPPON YUSEN,Growth,International Shares,Global Shares,Global Shares,Industrials - 20,Tokyo Stock Exchange,JPY,Japan,,Marine Transportation - 20303010,World Large Blend Equity,International Equities - Unhedged,IEQStock
0.003025237581833774,KIRIN HOLDINGS LTD,Growth,International Shares,Global Shares,Global Shares,Consumer Staples - 30,Tokyo Stock Exchange,JPY,Japan,,Brewers - 30201010,World Large Blend Equity,International Equities - Unhedged,IEQStock
0.0034809404975995437,SUBARU CORP,Growth,International Shares,Global Shares,Global Shares,Consumer Discretionary - 25,Tokyo Stock Exchange,JPY,Japan,,Automobile Manufacturers - 25102010,World Large Blend Equity,International Equities - Unhedged,IEQStock
0.0032981591284528696,ENEOS HOLDINGS INC,Growth,International Shares,Global Shares,Global Shares,Energy - 10,Tokyo Stock Exchange,JPY,Japan,,Oil & Gas Refining & Marketing - 10102030,World Large Blend Equity,International Equities - Unhedged,IEQStock
0.003542112579835717,NOMURA RESEARCH INSTITUTE LTD,Growth,International Shares,Global Shares,Global Shares,Information Technology - 45,Tokyo Stock Exchange,JPY,Japan,,IT Consulting & Other Services - 45102010,World Large Blend Equity,International Equities - Unhedged,IEQStock
0.0025340126303758084,JAPAN EXCHANGE GROUP INC,Growth,International Shares,Global Shares,Global Shares,Financials - 40,Tokyo Stock Exchange,JPY,Japan,,Financial Exchanges & Data - 40203040,World Large Blend Equity,International Equities - Unhedged,IEQStock
0.002601597623003349,OBIC LTD,Growth,International Shares,Global Shares,Global Shares,Information Technology - 45,Tokyo Stock Exchange,JPY,Japan,,IT Consulting & Other Services - 45102010,World Large Blend Equity,International Equities - Unhedged,IEQStock
0.003897980587648901,NITTO DENKO CORP,Growth,International Shares,Global Shares,Global Shares,Materials - 15,Tokyo Stock Exchange,JPY,Japan,,Specialty Chemicals - 15101050,World Large Blend Equity,International Equities - Unhedged,IEQStock
0.00165806949961142,NISSAN MOTOR LTD,Growth,International Shares,Global Shares,Global Shares,Consumer Discretionary - 25,Tokyo Stock Exchange,JPY,Japan,,Automobile Manufacturers - 25102010,World Large Blend Equity,International Equities - Unhedged,IEQStock
0.003274905439704737,KANSAI ELECTRIC POWER INC,Growth,International Shares,Global Shares,Global Shares,Utilities - 55,Tokyo Stock Exchange,JPY,Japan,,Electric Utilities - 55101010,World Large Blend Equity,International Equities - Unhedged,IEQStock
0.0028063603719542664,TOKYO GAS LTD,Growth,International Shares,Global Shares,Global Shares,Utilities - 55,Tokyo Stock Exchange,JPY,Japan,,Gas Utilities - 55102010,World Large Blend Equity,International Equities - Unhedged,IEQStock
0.002257382405789586,MITSUI OSK LINES LTD,Growth,International Shares,Global Shares,Global Shares,Industrials - 20,Tokyo Stock Exchange,JPY,Japan,,Marine Transportation - 20303010,World Large Blend Equity,International Equities - Unhedged,IEQStock
0.002181621060903633,T&D HOLDINGS INC,Growth,International Shares,Global Shares,Global Shares,Financials - 40,Tokyo Stock Exchange,JPY,Japan,,Life & Health Insurance - 40301020,World Large Blend Equity,International Equities - Unhedged,IEQStock
0.004627650823759395,SUMITOMO ELECTRIC INDUSTRIES LTD,Growth,International Shares,Global Shares,Global Shares,Consumer Discretionary - 25,Tokyo Stock Exchange,JPY,Japan,,Automotive Parts & Equipment - 25101010,World Large Blend Equity,International Equities - Unhedged,IEQStock
0.0016980492803460132,NITORI HOLDINGS LTD,Growth,International Shares,Global Shares,Global Shares,Consumer Discretionary - 25,Tokyo Stock Exchange,JPY,Japan,,Homefurnishing Retail - 25504060,World Large Blend Equity,International Equities - Unhedged,IEQStock
0.0015384193645459573,KIKKOMAN CORP,Growth,International Shares,Global Shares,Global Shares,Consumer Staples - 30,Tokyo Stock Exchange,JPY,Japan,,Packaged Foods & Meats - 30202030,World Large Blend Equity,International Equities - Unhedged,IEQStock
0.0023131374721275686,WEST JAPAN RAILWAY,Growth,International Shares,Global Shares,Global Shares,Industrials - 20,Tokyo Stock Exchange,JPY,Japan,,Rail Transportation - 20304010,World Large Blend Equity,International Equities - Unhedged,IEQStock
0.0020547220628073315,YASKAWA ELECTRIC CORP,Growth,International Shares,Global Shares,Global Shares,Industrials - 20,Tokyo Stock Exchange,JPY,Japan,,Industrial Machinery & Supplies & Components - 20106020,World Large Blend Equity,International Equities - Unhedged,IEQStock
0.002729853601692342,DAIWA SECURITIES GROUP INC,Growth,International Shares,Global Shares,Global Shares,Financials - 40,Tokyo Stock Exchange,JPY,Japan,,Investment Banking & Brokerage - 40203020,World Large Blend Equity,International Equities - Unhedged,IEQStock
0.0010412185002319845,SYSMEX CORP,Growth,International Shares,Global Shares,Global Shares,Health Care - 35,Tokyo Stock Exchange,JPY,Japan,,Health Care Equipment - 35101010,World Large Blend Equity,International Equities - Unhedged,IEQStock
0.0025650672529579205,ASAHI KASEI CORP,Growth,International Shares,Global Shares,Global Shares,Materials - 15,Tokyo Stock Exchange,JPY,Japan,,Commodity Chemicals - 15101010,World Large Blend Equity,International Equities - Unhedged,IEQStock
0.0019383480743818534,MITSUBISHI CHEMICAL GROUP CORP,Growth,International Shares,Global Shares,Global Shares,Materials - 15,Tokyo Stock Exchange,JPY,Japan,,Diversified Chemicals - 15101020,World Large Blend Equity,International Equities - Unhedged,IEQStock
0.0027553217273986372,CHUBU ELECTRIC POWER INC,Growth,International Shares,Global Shares,Global Shares,Utilities - 55,Tokyo Stock Exchange,JPY,Japan,,Electric Utilities - 55101010,World Large Blend Equity,International Equities - Unhedged,IEQStock
0.0015367828663597851,YAMAHA MOTOR LTD,Growth,International Shares,Global Shares,Global Shares,Consumer Discretionary - 25,Tokyo Stock Exchange,JPY,Japan,,Motorcycle Manufacturers - 25102020,World Large Blend Equity,International Equities - Unhedged,IEQStock
0.002697422855291465,NTT DATA GROUP CORP,Growth,International Shares,Global Shares,Global Shares,Information Technology - 45,Tokyo Stock Exchange,JPY,Japan,,IT Consulting & Other Services - 45102010,World Large Blend Equity,International Equities - Unhedged,IEQStock
0.0031024661075878326,SUMITOMO REALTY & DEVELOPMENT LTD,Growth,International Shares,Global Shares,Global Shares,Real Estate - 60,Tokyo Stock Exchange,JPY,Japan,,Diversified Real Estate Activities - 60201010,World Large Blend Equity,International Equities - Unhedged,IEQStock
0.001875617978351855,LY CORP,Growth,International Shares,Global Shares,Global Shares,Communication Services - 50,Tokyo Stock Exchange,JPY,Japan,,Interactive Media & Services - 50203010,World Large Blend Equity,International Equities - Unhedged,IEQStock
0.0028717928114238758,M3 INC,Growth,International Shares,Global Shares,Global Shares,Health Care - 35,Tokyo Stock Exchange,JPY,Japan,,Health Care Technology - 35103010,World Large Blend Equity,International Equities - Unhedged,IEQStock
0.0015480519212149977,HANKYU HANSHIN HOLDINGS INC,Growth,International Shares,Global Shares,Global Shares,Industrials - 20,Tokyo Stock Exchange,JPY,Japan,,Rail Transportation - 20304010,World Large Blend Equity,International Equities - Unhedged,IEQStock
0.0022528499899073296,SUMITOMO METAL MINING LTD,Growth,International Shares,Global Shares,Global Shares,Materials - 15,Tokyo Stock Exchange,JPY,Japan,,Diversified Metals & Mining - 15104020,World Large Blend Equity,International Equities - Unhedged,IEQStock
0.0015327137480637164,TORAY INDUSTRIES INC,Growth,International Shares,Global Shares,Global Shares,Materials - 15,Tokyo Stock Exchange,JPY,Japan,,Commodity Chemicals - 15101010,World Large Blend Equity,International Equities - Unhedged,IEQStock
0.0028320810034665324,OSAKA GAS LTD,Growth,International Shares,Global Shares,Global Shares,Utilities - 55,Tokyo Stock Exchange,JPY,Japan,,Gas Utilities - 55102010,World Large Blend Equity,International Equities - Unhedged,IEQStock
0.003463304514176986,KAJIMA CORP,Growth,International Shares,Global Shares,Global Shares,Industrials - 20,Tokyo Stock Exchange,JPY,Japan,,Construction & Engineering - 20103010,World Large Blend Equity,International Equities - Unhedged,IEQStock
0.002192316796544898,JFE HOLDINGS INC,Growth,International Shares,Global Shares,Global Shares,Materials - 15,Tokyo Stock Exchange,JPY,Japan,,Steel - 15104050,World Large Blend Equity,International Equities - Unhedged,IEQStock
0.001321576778242974,OMRON CORP,Growth,International Shares,Global Shares,Global Shares,Information Technology - 45,Tokyo Stock Exchange,JPY,Japan,,Electronic Components - 45203015,World Large Blend Equity,International Equities - Unhedged,IEQStock
0.003110373555812507,TOKYO ELECTRIC POWER HOLDINGS INC,Growth,International Shares,Global Shares,Global Shares,Utilities - 55,Tokyo Stock Exchange,JPY,Japan,,Electric Utilities - 55101010,World Large Blend Equity,International Equities - Unhedged,IEQStock
0.0021181469932258,ONO PHARMACEUTICAL LTD,Growth,International Shares,Global Shares,Global Shares,Health Care - 35,Tokyo Stock Exchange,JPY,Japan,,Pharmaceuticals - 35202010,World Large Blend Equity,International Equities - Unhedged,IEQStock
0.0019829811297796306,ISUZU MOTORS LTD,Growth,International Shares,Global Shares,Global Shares,Consumer Discretionary - 25,Tokyo Stock Exchange,JPY,Japan,,Automobile Manufacturers - 25102010,World Large Blend Equity,International Equities - Unhedged,IEQStock
0.001956036044397976,AGC INC,Growth,International Shares,Global Shares,Global Shares,Industrials - 20,Tokyo Stock Exchange,JPY,Japan,,Building Products - 20102010,World Large Blend Equity,International Equities - Unhedged,IEQStock
0.0013829695140494204,DAITO TRUST CONSTRUCTION LTD,Growth,International Shares,Global Shares,Global Shares,Real Estate - 60,Tokyo Stock Exchange,JPY,Japan,,Diversified Real Estate Activities - 60201010,World Large Blend Equity,International Equities - Unhedged,IEQStock
0.0019848378884494556,NEXON LTD,Growth,International Shares,Global Shares,Global Shares,Communication Services - 50,Tokyo Stock Exchange,JPY,Japan,,Interactive Home Entertainment - 50202020,World Large Blend Equity,International Equities - Unhedged,IEQStock
0.00171782291071013,NIPPON PAINT HOLDINGS LTD,Growth,International Shares,Global Shares,Global Shares,Materials - 15,Tokyo Stock Exchange,JPY,Japan,,Specialty Chemicals - 15101050,World Large Blend Equity,International Equities - Unhedged,IEQStock
0.0021753196554420585,MINEBEA MITSUMI INC,Growth,International Shares,Global Shares,Global Shares,Industrials - 20,Tokyo Stock Exchange,JPY,Japan,,Industrial Machinery & Supplies & Components - 20106020,World Large Blend Equity,International Equities - Unhedged,IEQStock
0.0010606330445398831,YAKULT HONSHA LTD,Growth,International Shares,Global Shares,Global Shares,Consumer Staples - 30,Tokyo Stock Exchange,JPY,Japan,,Packaged Foods & Meats - 30202030,World Large Blend Equity,International Equities - Unhedged,IEQStock
0.0016850272822650563,NIPPON BUILDING FUND REIT INC,Growth,International Shares,Global Shares,Global Shares,Real Estate - 60,Tokyo Stock Exchange,JPY,Japan,,Office REITs - 60104010,World Large Blend Equity,International Equities - Unhedged,IEQStock
0.001158212975836145,DENTSU GROUP INC,Growth,International Shares,Global Shares,Global Shares,Communication Services - 50,Tokyo Stock Exchange,JPY,Japan,,Advertising - 50201010,World Large Blend Equity,International Equities - Unhedged,IEQStock
0.001467189587722599,SHIMADZU CORP,Growth,International Shares,Global Shares,Global Shares,Information Technology - 45,Tokyo Stock Exchange,JPY,Japan,,Electronic Equipment & Instruments - 45203010,World Large Blend Equity,International Equities - Unhedged,IEQStock
0.001831729205175493,ROHM LTD,Growth,International Shares,Global Shares,Global Shares,Information Technology - 45,Tokyo Stock Exchange,JPY,Japan,,Semiconductors - 45301020,World Large Blend Equity,International Equities - Unhedged,IEQStock
0.0016824381754418215,CAPCOM LTD,Growth,International Shares,Global Shares,Global Shares,Communication Services - 50,Tokyo Stock Exchange,JPY,Japan,,Interactive Home Entertainment - 50202020,World Large Blend Equity,International Equities - Unhedged,IEQStock
0.0028263941591629995,TAISEI CORP,Growth,International Shares,Global Shares,Global Shares,Industrials - 20,Tokyo Stock Exchange,JPY,Japan,,Construction & Engineering - 20103010,World Large Blend Equity,International Equities - Unhedged,IEQStock
0.0016250107737640707,DAI NIPPON PRINTING LTD,Growth,International Shares,Global Shares,Global Shares,Industrials - 20,Tokyo Stock Exchange,JPY,Japan,,Commercial Printing - 20201010,World Large Blend Equity,International Equities - Unhedged,IEQStock
0.0017638982803560676,MATSUKIYOKARA,Growth,International Shares,Global Shares,Global Shares,Consumer Staples - 30,Tokyo Stock Exchange,JPY,Japan,,Drug Retail - 30101010,World Large Blend Equity,International Equities - Unhedged,IEQStock
0.0013041242044434184,MEIJI HOLDINGS LTD,Growth,International Shares,Global Shares,Global Shares,Consumer Staples - 30,Tokyo Stock Exchange,JPY,Japan,,Packaged Foods & Meats - 30202030,World Large Blend Equity,International Equities - Unhedged,IEQStock
0.0013179560681405437,MAKITA CORP,Growth,International Shares,Global Shares,Global Shares,Industrials - 20,Tokyo Stock Exchange,JPY,Japan,,Industrial Machinery & Supplies & Components - 20106020,World Large Blend Equity,International Equities - Unhedged,IEQStock
0.0016436403256089036,MAZDA MOTOR CORP,Growth,International Shares,Global Shares,Global Shares,Consumer Discretionary - 25,Tokyo Stock Exchange,JPY,Japan,,Automobile Manufacturers - 25102010,World Large Blend Equity,International Equities - Unhedged,IEQStock
0.001478185482152977,TOKYU CORP,Growth,International Shares,Global Shares,Global Shares,Industrials - 20,Tokyo Stock Exchange,JPY,Japan,,Rail Transportation - 20304010,World Large Blend Equity,International Equities - Unhedged,IEQStock
0.001703254875303698,RAKUTEN GROUP INC,Growth,International Shares,Global Shares,Global Shares,Consumer Discretionary - 25,Tokyo Stock Exchange,JPY,Japan,,Broadline Retail - 25503030,World Large Blend Equity,International Equities - Unhedged,IEQStock
0.002111181016083104,OBAYASHI CORP,Growth,International Shares,Global Shares,Global Shares,Industrials - 20,Tokyo Stock Exchange,JPY,Japan,,Construction & Engineering - 20103010,World Large Blend Equity,International Equities - Unhedged,IEQStock
0.0018649565178131516,TOPPAN HOLDINGS INC,Growth,International Shares,Global Shares,Global Shares,Industrials - 20,Tokyo Stock Exchange,JPY,Japan,,Commercial Printing - 20201010,World Large Blend Equity,International Equities - Unhedged,IEQStock
0.001089445732959496,NISSIN FOODS HOLDINGS LTD,Growth,International Shares,Global Shares,Global Shares,Consumer Staples - 30,Tokyo Stock Exchange,JPY,Japan,,Packaged Foods & Meats - 30202030,World Large Blend Equity,International Equities - Unhedged,IEQStock
0.0011393054458427015,HAMAMATSU PHOTONICS,Growth,International Shares,Global Shares,Global Shares,Information Technology - 45,Tokyo Stock Exchange,JPY,Japan,,Electronic Components - 45203015,World Large Blend Equity,International Equities - Unhedged,IEQStock
0.001985636180995591,AISIN CORP,Growth,International Shares,Global Shares,Global Shares,Consumer Discretionary - 25,Tokyo Stock Exchange,JPY,Japan,,Automotive Parts & Equipment - 25101010,World Large Blend Equity,International Equities - Unhedged,IEQStock
0.0011844096556379914,KEISEI ELECTRIC RAILWAY LTD,Growth,International Shares,Global Shares,Global Shares,Industrials - 20,Tokyo Stock Exchange,JPY,Japan,,Rail Transportation - 20304010,World Large Blend Equity,International Equities - Unhedged,IEQStock
0.0020303192689524884,DAIFUKU LTD,Growth,International Shares,Global Shares,Global Shares,Industrials - 20,Tokyo Stock Exchange,JPY,Japan,,Industrial Machinery & Supplies & Components - 20106020,World Large Blend Equity,International Equities - Unhedged,IEQStock
0.0011522106793829619,SBI HOLDINGS INC,Growth,International Shares,Global Shares,Global Shares,Financials - 40,Tokyo Stock Exchange,JPY,Japan,,Investment Banking & Brokerage - 40203020,World Large Blend Equity,International Equities - Unhedged,IEQStock
0.0014568855529786587,MITSUBISHI HC CAPITAL INC,Growth,International Shares,Global Shares,Global Shares,Financials - 40,Tokyo Stock Exchange,JPY,Japan,,Specialised Finance - 40201040,World Large Blend Equity,International Equities - Unhedged,IEQStock
0.0012295338739946116,NISSAN CHEMICAL CORP,Growth,International Shares,Global Shares,Global Shares,Materials - 15,Tokyo Stock Exchange,JPY,Japan,,Diversified Chemicals - 15101020,World Large Blend Equity,International Equities - Unhedged,IEQStock
0.0011709961226925142,SEKISUI CHEMICAL LTD,Growth,International Shares,Global Shares,Global Shares,Consumer Discretionary - 25,Tokyo Stock Exchange,JPY,Japan,,Homebuilding - 25201030,World Large Blend Equity,International Equities - Unhedged,IEQStock
0.0022738745594741787,KONAMI GROUP CORP,Growth,International Shares,Global Shares,Global Shares,Communication Services - 50,Tokyo Stock Exchange,JPY,Japan,,Interactive Home Entertainment - 50202020,World Large Blend Equity,International Equities - Unhedged,IEQStock
0.001838644970889943,FUJI ELECTRIC LTD,Growth,International Shares,Global Shares,Global Shares,Industrials - 20,Tokyo Stock Exchange,JPY,Japan,,Electrical Components & Equipment - 20104010,World Large Blend Equity,International Equities - Unhedged,IEQStock
0.0016121477453448084,TREND MICRO INC,Growth,International Shares,Global Shares,Global Shares,Information Technology - 45,Tokyo Stock Exchange,JPY,Japan,,Systems Software - 45103020,World Large Blend Equity,International Equities - Unhedged,IEQStock
0.0010761113940879156,KINTETSU GROUP HOLDINGS LTD,Growth,International Shares,Global Shares,Global Shares,Industrials - 20,Tokyo Stock Exchange,JPY,Japan,,Rail Transportation - 20304010,World Large Blend Equity,International Equities - Unhedged,IEQStock
0.0032345785436439425,IBIDEN LTD,Growth,International Shares,Global Shares,Global Shares,Information Technology - 45,Tokyo Stock Exchange,JPY,Japan,,Electronic Components - 45203015,World Large Blend Equity,International Equities - Unhedged,IEQStock
0.0010721564885324672,ZENSHO HOLDINGS LTD,Growth,International Shares,Global Shares,Global Shares,Consumer Discretionary - 25,Tokyo Stock Exchange,JPY,Japan,,Restaurants - 25301040,World Large Blend Equity,International Equities - Unhedged,IEQStock
0.001608323998681239,CONCORDIA FINANCIAL GROUP LTD,Growth,International Shares,Global Shares,Global Shares,Financials - 40,Tokyo Stock Exchange,JPY,Japan,,Regional Banks - 40101015,World Large Blend Equity,International Equities - Unhedged,IEQStock
0.0013810473181920303,JAPAN REAL ESTATE INVESTMENT TRUST,Growth,International Shares,Global Shares,Global Shares,Real Estate - 60,Tokyo Stock Exchange,JPY,Japan,,Office REITs - 60104010,World Large Blend Equity,International Equities - Unhedged,IEQStock
0.0011310804113446155,TOBU RAILWAY LTD,Growth,International Shares,Global Shares,Global Shares,Industrials - 20,Tokyo Stock Exchange,JPY,Japan,,Rail Transportation - 20304010,World Large Blend Equity,International Equities - Unhedged,IEQStock
0.0012888137925944761,SUMCO CORP,Growth,International Shares,Global Shares,Global Shares,Information Technology - 45,Tokyo Stock Exchange,JPY,Japan,,Semiconductor Materials & Equipment - 45301010,World Large Blend Equity,International Equities - Unhedged,IEQStock
0.0013005892578319524,NOMURA REAL ESTATE MASTER FUND REI,Growth,International Shares,Global Shares,Global Shares,Real Estate - 60,Tokyo Stock Exchange,JPY,Japan,,Diversified REITs - 60101010,World Large Blend Equity,International Equities - Unhedged,IEQStock
0.0010403068321435892,MISUMI GROUP INC,Growth,International Shares,Global Shares,Global Shares,Industrials - 20,Tokyo Stock Exchange,JPY,Japan,,Industrial Machinery & Supplies & Components - 20106020,World Large Blend Equity,International Equities - Unhedged,IEQStock
0.001102429804400754,NIPPON SANSO HOLDINGS CORP,Growth,International Shares,Global Shares,Global Shares,Materials - 15,Tokyo Stock Exchange,JPY,Japan,,Industrial Gases - 15101040,World Large Blend Equity,International Equities - Unhedged,IEQStock
0.0012885648485537842,ODAKYU ELECTRIC RAILWAY LTD,Growth,International Shares,Global Shares,Global Shares,Industrials - 20,Tokyo Stock Exchange,JPY,Japan,,Rail Transportation - 20304010,World Large Blend Equity,International Equities - Unhedged,IEQStock
0.001095484579796471,JSR CORP,Growth,International Shares,Global Shares,Global Shares,Materials - 15,Tokyo Stock Exchange,JPY,Japan,,Specialty Chemicals - 15101050,World Large Blend Equity,International Equities - Unhedged,IEQStock
0.0007961296870399643,RICOH LTD,Growth,International Shares,Global Shares,Global Shares,Information Technology - 45,Tokyo Stock Exchange,JPY,Japan,,"Tech Hardware, Storage & Peripherals - 45202030",World Large Blend Equity,International Equities - Unhedged,IEQStock
0.001463837824895,JAPAN METROPOLITAN FUND INVESTMENT,Growth,International Shares,Global Shares,Global Shares,Real Estate - 60,Tokyo Stock Exchange,JPY,Japan,,Retail REITs - 60107010,World Large Blend Equity,International Equities - Unhedged,IEQStock
0.001197562568937798,KDX REALTY INVESTMENT CORP,Growth,International Shares,Global Shares,Global Shares,Real Estate - 60,Tokyo Stock Exchange,JPY,Japan,,Diversified REITs - 60101010,World Large Blend Equity,International Equities - Unhedged,IEQStock
0.0009744723566765986,SG HOLDINGS LTD,Growth,International Shares,Global Shares,Global Shares,Industrials - 20,Tokyo Stock Exchange,JPY,Japan,,Air Freight & Logistics - 20301010,World Large Blend Equity,International Equities - Unhedged,IEQStock
0.0013089120515655083,MITSUI CHEMICALS INC,Growth,International Shares,Global Shares,Global Shares,Materials - 15,Tokyo Stock Exchange,JPY,Japan,,Commodity Chemicals - 15101010,World Large Blend Equity,International Equities - Unhedged,IEQStock
0.0013229082697991165,YAMATO HOLDINGS LTD,Growth,International Shares,Global Shares,Global Shares,Industrials - 20,Tokyo Stock Exchange,JPY,Japan,,Air Freight & Logistics - 20301010,World Large Blend Equity,International Equities - Unhedged,IEQStock
0.000959863448103573,OTSUKA CORP,Growth,International Shares,Global Shares,Global Shares,Information Technology - 45,Tokyo Stock Exchange,JPY,Japan,,IT Consulting & Other Services - 45102010,World Large Blend Equity,International Equities - Unhedged,IEQStock
0.0011061265593144281,KYOWA KIRIN LTD,Growth,International Shares,Global Shares,Global Shares,Health Care - 35,Tokyo Stock Exchange,JPY,Japan,,Pharmaceuticals - 35202010,World Large Blend Equity,International Equities - Unhedged,IEQStock
0.001347561116584528,IDEMITSU KOSAN LTD,Growth,International Shares,Global Shares,Global Shares,Energy - 10,Tokyo Stock Exchange,JPY,Japan,,Oil & Gas Refining & Marketing - 10102030,World Large Blend Equity,International Equities - Unhedged,IEQStock
0.0014743108110333483,TIS INC,Growth,International Shares,Global Shares,Global Shares,Information Technology - 45,Tokyo Stock Exchange,JPY,Japan,,IT Consulting & Other Services - 45102010,World Large Blend Equity,International Equities - Unhedged,IEQStock
0.001132489990981915,GLP J-REIT REIT,Growth,International Shares,Global Shares,Global Shares,Real Estate - 60,Tokyo Stock Exchange,JPY,Japan,,Industrial REITs - 60102510,World Large Blend Equity,International Equities - Unhedged,IEQStock
0.0009955317644767773,SUNTORY BEVERAGE & FOOD LTD,Growth,International Shares,Global Shares,Global Shares,Consumer Staples - 30,Tokyo Stock Exchange,JPY,Japan,,Soft Drinks & Non-alcoholic Beverages - 30201030,World Large Blend Equity,International Equities - Unhedged,IEQStock
0.001444647428010125,KAWASAKI KISEN LTD,Growth,International Shares,Global Shares,Global Shares,Industrials - 20,Tokyo Stock Exchange,JPY,Japan,,Marine Transportation - 20303010,World Large Blend Equity,International Equities - Unhedged,IEQStock
0.0014861521455181844,YOKOGAWA ELECTRIC CORP,Growth,International Shares,Global Shares,Global Shares,Information Technology - 45,Tokyo Stock Exchange,JPY,Japan,,Electronic Equipment & Instruments - 45203010,World Large Blend Equity,International Equities - Unhedged,IEQStock
0.0011620826428344754,NIPPON PROLOGIS REIT INC,Growth,International Shares,Global Shares,Global Shares,Real Estate - 60,Tokyo Stock Exchange,JPY,Japan,,Industrial REITs - 60102510,World Large Blend Equity,International Equities - Unhedged,IEQStock
0.0006146264961116255,SEIKO EPSON CORP,Growth,International Shares,Global Shares,Global Shares,Information Technology - 45,Tokyo Stock Exchange,JPY,Japan,,"Tech Hardware, Storage & Peripherals - 45202030",World Large Blend Equity,International Equities - Unhedged,IEQStock
0.0011691595905731463,DAIWA HOUSE REIT CORP,Growth,International Shares,Global Shares,Global Shares,Real Estate - 60,Tokyo Stock Exchange,JPY,Japan,,Diversified REITs - 60101010,World Large Blend Equity,International Equities - Unhedged,IEQStock
0.0011702623368762515,TOHO (TOKYO) LTD,Growth,International Shares,Global Shares,Global Shares,Communication Services - 50,Tokyo Stock Exchange,JPY,Japan,,Movies & Entertainment - 50202010,World Large Blend Equity,International Equities - Unhedged,IEQStock
0.0016005141718992027,SHIZUOKA FINANCIAL GROUP INC,Growth,International Shares,Global Shares,Global Shares,Financials - 40,Tokyo Stock Exchange,JPY,Japan,,Regional Banks - 40101015,World Large Blend Equity,International Equities - Unhedged,IEQStock
0.0012377204858896825,CHIBA BANK LTD,Growth,International Shares,Global Shares,Global Shares,Financials - 40,Tokyo Stock Exchange,JPY,Japan,,Regional Banks - 40101015,World Large Blend Equity,International Equities - Unhedged,IEQStock
0.0009932421108128225,KOBE BUSSAN LTD,Growth,International Shares,Global Shares,Global Shares,Consumer Staples - 30,Tokyo Stock Exchange,JPY,Japan,,Food Retail - 30101030,World Large Blend Equity,International Equities - Unhedged,IEQStock
0.0010554047626169405,ASAHI INTECC LTD,Growth,International Shares,Global Shares,Global Shares,Health Care - 35,Tokyo Stock Exchange,JPY,Japan,,Health Care Supplies - 35101020,World Large Blend Equity,International Equities - Unhedged,IEQStock
0.0017319625868443826,SHIMIZU CORP,Growth,International Shares,Global Shares,Global Shares,Industrials - 20,Tokyo Stock Exchange,JPY,Japan,,Construction & Engineering - 20103010,World Large Blend Equity,International Equities - Unhedged,IEQStock
0.0009064543420612152,BAYCURRENT CONSULTING INC,Growth,International Shares,Global Shares,Global Shares,Industrials - 20,Tokyo Stock Exchange,JPY,Japan,,Research & Consulting Services - 20202020,World Large Blend Equity,International Equities - Unhedged,IEQStock
0.0010305892576071686,BROTHER INDUSTRIES LTD,Growth,International Shares,Global Shares,Global Shares,Information Technology - 45,Tokyo Stock Exchange,JPY,Japan,,"Tech Hardware, Storage & Peripherals - 45202030",World Large Blend Equity,International Equities - Unhedged,IEQStock
0.0010820025332295984,USS LTD,Growth,International Shares,Global Shares,Global Shares,Consumer Discretionary - 25,Tokyo Stock Exchange,JPY,Japan,,Automotive Retail - 25504050,World Large Blend Equity,International Equities - Unhedged,IEQStock
0.0010873423121294063,SUMITOMO CHEMICAL LTD,Growth,International Shares,Global Shares,Global Shares,Materials - 15,Tokyo Stock Exchange,JPY,Japan,,Diversified Chemicals - 15101020,World Large Blend Equity,International Equities - Unhedged,IEQStock
0.0012973718055403114,JAPAN POST INSURANCE LTD,Growth,International Shares,Global Shares,Global Shares,Financials - 40,Tokyo Stock Exchange,JPY,Japan,,Life & Health Insurance - 40301020,World Large Blend Equity,International Equities - Unhedged,IEQStock
0.0012717007567269966,NIPPON EXPRESS HOLDINGS INC,Growth,International Shares,Global Shares,Global Shares,Industrials - 20,Tokyo Stock Exchange,JPY,Japan,,Air Freight & Logistics - 20301010,World Large Blend Equity,International Equities - Unhedged,IEQStock
0.0009882236766238235,AZBIL CORP,Growth,International Shares,Global Shares,Global Shares,Information Technology - 45,Tokyo Stock Exchange,JPY,Japan,,Electronic Equipment & Instruments - 45203010,World Large Blend Equity,International Equities - Unhedged,IEQStock
0.0011264885540612486,HULIC LTD,Growth,International Shares,Global Shares,Global Shares,Real Estate - 60,Tokyo Stock Exchange,JPY,Japan,,Real Estate Operating Companies - 60201020,World Large Blend Equity,International Equities - Unhedged,IEQStock
0.0007634068998050515,HOSHIZAKI CORP,Growth,International Shares,Global Shares,Global Shares,Industrials - 20,Tokyo Stock Exchange,JPY,Japan,,Industrial Machinery & Supplies & Components - 20106020,World Large Blend Equity,International Equities - Unhedged,IEQStock
0.001021747973451625,OJI HOLDINGS CORP,Growth,International Shares,Global Shares,Global Shares,Materials - 15,Tokyo Stock Exchange,JPY,Japan,,Paper Products - 15105020,World Large Blend Equity,International Equities - Unhedged,IEQStock
0.0006248858029841187,YAMAHA CORP,Growth,International Shares,Global Shares,Global Shares,Consumer Discretionary - 25,Tokyo Stock Exchange,JPY,Japan,,Leisure Products - 25202010,World Large Blend Equity,International Equities - Unhedged,IEQStock
0.0008997797697867641,MCDONALDS HOLDINGS (JAPAN) LTD,Growth,International Shares,Global Shares,Global Shares,Consumer Discretionary - 25,Tokyo Stock Exchange,JPY,Japan,,Restaurants - 25301040,World Large Blend Equity,International Equities - Unhedged,IEQStock
0.0007291021468858771,HIROSE ELECTRIC LTD,Growth,International Shares,Global Shares,Global Shares,Information Technology - 45,Tokyo Stock Exchange,JPY,Japan,,Electronic Components - 45203015,World Large Blend Equity,International Equities - Unhedged,IEQStock
0.0008662330571056997,TOSOH CORP,Growth,International Shares,Global Shares,Global Shares,Materials - 15,Tokyo Stock Exchange,JPY,Japan,,Commodity Chemicals - 15101010,World Large Blend Equity,International Equities - Unhedged,IEQStock
0.0009043647029455891,TOTO LTD,Growth,International Shares,Global Shares,Global Shares,Industrials - 20,Tokyo Stock Exchange,JPY,Japan,,Building Products - 20102010,World Large Blend Equity,International Equities - Unhedged,IEQStock
0.0008108250165095633,KOITO MANUFACTURING LTD,Growth,International Shares,Global Shares,Global Shares,Consumer Discretionary - 25,Tokyo Stock Exchange,JPY,Japan,,Automotive Parts & Equipment - 25101010,World Large Blend Equity,International Equities - Unhedged,IEQStock
0.0008481052123920528,ANA HOLDINGS INC,Growth,International Shares,Global Shares,Global Shares,Industrials - 20,Tokyo Stock Exchange,JPY,Japan,,Passenger Airlines - 20302010,World Large Blend Equity,International Equities - Unhedged,IEQStock
0.0010215091028719983,HIKARI TSUSHIN INC,Growth,International Shares,Global Shares,Global Shares,Industrials - 20,Tokyo Stock Exchange,JPY,Japan,,Industrial Conglomerates - 20105010,World Large Blend Equity,International Equities - Unhedged,IEQStock
0.0012161664502983861,SQUARE ENIX HLDG LTD,Growth,International Shares,Global Shares,Global Shares,Communication Services - 50,Tokyo Stock Exchange,JPY,Japan,,Interactive Home Entertainment - 50202020,World Large Blend Equity,International Equities - Unhedged,IEQStock
0.0008802890747208549,HITACHI CONSTRUCTION MACHINERY LTD,Growth,International Shares,Global Shares,Global Shares,Industrials - 20,Tokyo Stock Exchange,JPY,Japan,,Construction Machinery & Heavy Transportation Equipment - 20106010,World Large Blend Equity,International Equities - Unhedged,IEQStock
0.0005983726791692372,ZOZO INC,Growth,International Shares,Global Shares,Global Shares,Consumer Discretionary - 25,Tokyo Stock Exchange,JPY,Japan,,Apparel Retail - 25504010,World Large Blend Equity,International Equities - Unhedged,IEQStock
0.0011566745152606658,SCSK CORP,Growth,International Shares,Global Shares,Global Shares,Information Technology - 45,Tokyo Stock Exchange,JPY,Japan,,IT Consulting & Other Services - 45102010,World Large Blend Equity,International Equities - Unhedged,IEQStock
0.0006113039276804671,ORACLE JAPAN CORP,Growth,International Shares,Global Shares,Global Shares,Information Technology - 45,Tokyo Stock Exchange,JPY,Japan,,Systems Software - 45103020,World Large Blend Equity,International Equities - Unhedged,IEQStock
0.0009932712642495036,OPEN HOUSE GROUP LTD,Growth,International Shares,Global Shares,Global Shares,Consumer Discretionary - 25,Tokyo Stock Exchange,JPY,Japan,,Homebuilding - 25201030,World Large Blend Equity,International Equities - Unhedged,IEQStock
0.0007040162154067489,JAPAN AIRLINES LTD,Growth,International Shares,Global Shares,Global Shares,Industrials - 20,Tokyo Stock Exchange,JPY,Japan,,Passenger Airlines - 20302010,World Large Blend Equity,International Equities - Unhedged,IEQStock
0.0008342634925153107,NOMURA REAL ESTATE HOLDINGS INC,Growth,International Shares,Global Shares,Global Shares,Real Estate - 60,Tokyo Stock Exchange,JPY,Japan,,Diversified Real Estate Activities - 60201010,World Large Blend Equity,International Equities - Unhedged,IEQStock
0.0004925217771116107,IIDA GROUP HOLDINGS LTD,Growth,International Shares,Global Shares,Global Shares,Consumer Discretionary - 25,Tokyo Stock Exchange,JPY,Japan,,Homebuilding - 25201030,World Large Blend Equity,International Equities - Unhedged,IEQStock
0.00045904365546294907,MONOTARO LTD,Growth,International Shares,Global Shares,Global Shares,Industrials - 20,Tokyo Stock Exchange,JPY,Japan,,Trading Companies & Distributors - 20107010,World Large Blend Equity,International Equities - Unhedged,IEQStock
0.00035218168620331614,KOSE CORP,Growth,International Shares,Global Shares,Global Shares,Consumer Staples - 30,Tokyo Stock Exchange,JPY,Japan,,Personal Care Products - 30302010,World Large Blend Equity,International Equities - Unhedged,IEQStock
0.00029432903241954016,SHARP CORP,Growth,International Shares,Global Shares,Global Shares,Consumer Discretionary - 25,Tokyo Stock Exchange,JPY,Japan,,Consumer Electronics - 25201010,World Large Blend Equity,International Equities - Unhedged,IEQStock
0.0004073794411614169,KOEI TECMO HOLDINGS LTD,Growth,International Shares,Global Shares,Global Shares,Communication Services - 50,Tokyo Stock Exchange,JPY,Japan,,Interactive Home Entertainment - 50202020,World Large Blend Equity,International Equities - Unhedged,IEQStock
0.038630184955879644,SONY GROUP CORP,Growth,International Shares,Global Shares,Global Shares,Consumer Discretionary - 25,Tokyo Stock Exchange,JPY,Japan,,Consumer Electronics - 25201010,World Large Blend Equity,International Equities - Unhedged,IEQStock
0.03209075552666477,MITSUBISHI UFJ FINANCIAL GROUP INC,Growth,International Shares,Global Shares,Global Shares,Financials - 40,Tokyo Stock Exchange,JPY,Japan,,Diversified Banks - 40101010,World Large Blend Equity,International Equities - Unhedged,IEQStock
0.016336405493225098,KEYENCE CORP,Growth,International Shares,Global Shares,Global Shares,Information Technology - 45,Tokyo Stock Exchange,JPY,Japan,,Electronic Equipment & Instruments - 45203010,World Large Blend Equity,International Equities - Unhedged,IEQStock
0.026482226377375264,TOKYO ELECTRON LTD,Growth,International Shares,Global Shares,Global Shares,Information Technology - 45,Tokyo Stock Exchange,JPY,Japan,,Semiconductor Materials & Equipment - 45301010,World Large Blend Equity,International Equities - Unhedged,IEQStock
0.018769697141737617,SUMITOMO MITSUI FINANCIAL GROUP IN,Growth,International Shares,Global Shares,Global Shares,Financials - 40,Tokyo Stock Exchange,JPY,Japan,,Diversified Banks - 40101010,World Large Blend Equity,International Equities - Unhedged,IEQStock
0.020990444866125675,HITACHI LTD,Growth,International Shares,Global Shares,Global Shares,Industrials - 20,Tokyo Stock Exchange,JPY,Japan,,Industrial Conglomerates - 20105010,World Large Blend Equity,International Equities - Unhedged,IEQStock
0.01460953327795889,SHIN ETSU CHEMICAL LTD,Growth,International Shares,Global Shares,Global Shares,Materials - 15,Tokyo Stock Exchange,JPY,Japan,,Specialty Chemicals - 15101050,World Large Blend Equity,International Equities - Unhedged,IEQStock
0.019274248077600132,MITSUBISHI CORP,Growth,International Shares,Global Shares,Global Shares,Industrials - 20,Tokyo Stock Exchange,JPY,Japan,,Trading Companies & Distributors - 20107010,World Large Blend Equity,International Equities - Unhedged,IEQStock
0.01111884796561278,DAIICHI SANKYO LTD,Growth,International Shares,Global Shares,Global Shares,Health Care - 35,Tokyo Stock Exchange,JPY,Japan,,Pharmaceuticals - 35202010,World Large Blend Equity,International Equities - Unhedged,IEQStock
0.015040411083416099,MITSUI LTD,Growth,International Shares,Global Shares,Global Shares,Industrials - 20,Tokyo Stock Exchange,JPY,Japan,,Trading Companies & Distributors - 20107010,World Large Blend Equity,International Equities - Unhedged,IEQStock
0.009442370571087542,RECRUIT HOLDINGS LTD,Growth,International Shares,Global Shares,Global Shares,Industrials - 20,Tokyo Stock Exchange,JPY,Japan,,Human Resource & Employment Services - 20202010,World Large Blend Equity,International Equities - Unhedged,IEQStock
0.014721782108029243,ITOCHU CORP,Growth,International Shares,Global Shares,Global Shares,Industrials - 20,Tokyo Stock Exchange,JPY,Japan,,Trading Companies & Distributors - 20107010,World Large Blend Equity,International Equities - Unhedged,IEQStock
0.011992108332131782,KDDI CORP,Growth,International Shares,Global Shares,Global Shares,Communication Services - 50,Tokyo Stock Exchange,JPY,Japan,,Wireless Telecommunication Services - 50102010,World Large Blend Equity,International Equities - Unhedged,IEQStock
0.018968486988963956,NINTENDO LTD,Growth,International Shares,Global Shares,Global Shares,Communication Services - 50,Tokyo Stock Exchange,JPY,Japan,,Interactive Home Entertainment - 50202020,World Large Blend Equity,International Equities - Unhedged,IEQStock
0.018691165075990463,SOFTBANK GROUP CORP,Growth,International Shares,Global Shares,Global Shares,Communication Services - 50,Tokyo Stock Exchange,JPY,Japan,,Wireless Telecommunication Services - 50102010,World Large Blend Equity,International Equities - Unhedged,IEQStock
0.011463981610997775,TAKEDA PHARMACEUTICAL LTD,Growth,International Shares,Global Shares,Global Shares,Health Care - 35,Tokyo Stock Exchange,JPY,Japan,,Pharmaceuticals - 35202010,World Large Blend Equity,International Equities - Unhedged,IEQStock
0.010448002779978562,TOKIO MARINE HOLDINGS INC,Growth,International Shares,Global Shares,Global Shares,Financials - 40,Tokyo Stock Exchange,JPY,Japan,,Property & Casualty Insurance - 40301040,World Large Blend Equity,International Equities - Unhedged,IEQStock
0.014171277338364005,MIZUHO FINANCIAL GROUP INC,Growth,International Shares,Global Shares,Global Shares,Financials - 40,Tokyo Stock Exchange,JPY,Japan,,Diversified Banks - 40101010,World Large Blend Equity,International Equities - Unhedged,IEQStock
0.011351321767064833,FAST RETAILING LTD,Growth,International Shares,Global Shares,Global Shares,Consumer Discretionary - 25,Tokyo Stock Exchange,JPY,Japan,,Apparel Retail - 25504010,World Large Blend Equity,International Equities - Unhedged,IEQStock
0.01047619157254019,DAIKIN INDUSTRIES LTD,Growth,International Shares,Global Shares,Global Shares,Industrials - 20,Tokyo Stock Exchange,JPY,Japan,,Building Products - 20102010,World Large Blend Equity,International Equities - Unhedged,IEQStock
0.00809525485119027,ORIENTAL LAND LTD,Growth,International Shares,Global Shares,Global Shares,Consumer Discretionary - 25,Tokyo Stock Exchange,JPY,Japan,,Leisure Facilities - 25301030,World Large Blend Equity,International Equities - Unhedged,IEQStock
0.012171870235623102,HOYA CORP,Growth,International Shares,Global Shares,Global Shares,Health Care - 35,Tokyo Stock Exchange,JPY,Japan,,Health Care Supplies - 35101020,World Large Blend Equity,International Equities - Unhedged,IEQStock
0.008455125913025064,NIPPON TELEGRAPH AND TELEPHONE COR,Growth,International Shares,Global Shares,Global Shares,Communication Services - 50,Tokyo Stock Exchange,JPY,Japan,,Integrated Telecommunication Services - 50101020,World Large Blend Equity,International Equities - Unhedged,IEQStock
0.009721912412243393,SOFTBANK CORP,Growth,International Shares,Global Shares,Global Shares,Communication Services - 50,Tokyo Stock Exchange,JPY,Japan,,Wireless Telecommunication Services - 50102010,World Large Blend Equity,International Equities - Unhedged,IEQStock
0.010345418957263834,JAPAN TOBACCO INC,Growth,International Shares,Global Shares,Global Shares,Consumer Staples - 30,Tokyo Stock Exchange,JPY,Japan,,Tobacco - 30203010,World Large Blend Equity,International Equities - Unhedged,IEQStock
0.006450683820311982,SMC (JAPAN) CORP,Growth,International Shares,Global Shares,Global Shares,Industrials - 20,Tokyo Stock Exchange,JPY,Japan,,Industrial Machinery & Supplies & Components - 20106020,World Large Blend Equity,International Equities - Unhedged,IEQStock
0.005863560065512758,SEVEN & I HOLDINGS LTD,Growth,International Shares,Global Shares,Global Shares,Consumer Staples - 30,Tokyo Stock Exchange,JPY,Japan,,Food Retail - 30101030,World Large Blend Equity,International Equities - Unhedged,IEQStock
0.006291317177807472,DENSO CORP,Growth,International Shares,Global Shares,Global Shares,Consumer Discretionary - 25,Tokyo Stock Exchange,JPY,Japan,,Automotive Parts & Equipment - 25101010,World Large Blend Equity,International Equities - Unhedged,IEQStock
0.007300715794414417,FANUC CORP,Growth,International Shares,Global Shares,Global Shares,Industrials - 20,Tokyo Stock Exchange,JPY,Japan,,Industrial Machinery & Supplies & Components - 20106020,World Large Blend Equity,International Equities - Unhedged,IEQStock
0.005598403910630388,CANON INC,Growth,International Shares,Global Shares,Global Shares,Information Technology - 45,Tokyo Stock Exchange,JPY,Japan,,"Tech Hardware, Storage & Peripherals - 45202030",World Large Blend Equity,International Equities - Unhedged,IEQStock
0.010270332173570401,MITSUBISHI ELECTRIC CORP,Growth,International Shares,Global Shares,Global Shares,Industrials - 20,Tokyo Stock Exchange,JPY,Japan,,Heavy Electrical Equipment - 20104020,World Large Blend Equity,International Equities - Unhedged,IEQStock
0.03834679268421439,ROYAL BANK OF CANADA,Growth,International Shares,Global Shares,Global Shares,Financials - 40,Toronto Stock Exchange,CAD,Canada,,Diversified Banks - 40101010,World Large Blend Equity,International Equities - Unhedged,IEQStock
0.0383473423254342,TORONTO DOMINION,Growth,International Shares,Global Shares,Global Shares,Financials - 40,Toronto Stock Exchange,CAD,Canada,,Diversified Banks - 40101010,World Large Blend Equity,International Equities - Unhedged,IEQStock
0.031704023032541946,SHOPIFY SUBORDINATE VOTING INC CLA,Growth,International Shares,Global Shares,Global Shares,Information Technology - 45,Toronto Stock Exchange,CAD,Canada,,Internet Services & Infrastructure - 45102030,World Large Blend Equity,International Equities - Unhedged,IEQStock
0.018938497479105677,ENBRIDGE INC,Growth,International Shares,Global Shares,Global Shares,Energy - 10,Toronto Stock Exchange,CAD,Canada,,Oil & Gas Storage & Transportation - 10102040,World Large Blend Equity,International Equities - Unhedged,IEQStock
0.016770343662512687,CANADIAN NATURAL RESOURCES LTD,Growth,International Shares,Global Shares,Global Shares,Energy - 10,Toronto Stock Exchange,CAD,Canada,,Oil & Gas Exploration & Production - 10102020,World Large Blend Equity,International Equities - Unhedged,IEQStock
0.016419874111940437,CANADIAN PACIFIC KANSAS CITY LTD,Growth,International Shares,Global Shares,Global Shares,Industrials - 20,Toronto Stock Exchange,CAD,Canada,,Rail Transportation - 20304010,World Large Blend Equity,International Equities - Unhedged,IEQStock
0.014345559122929107,CANADIAN NATIONAL RAILWAY,Growth,International Shares,Global Shares,Global Shares,Industrials - 20,Toronto Stock Exchange,CAD,Canada,,Rail Transportation - 20304010,World Large Blend Equity,International Equities - Unhedged,IEQStock
0.019410490203746432,BANK OF MONTREAL,Growth,International Shares,Global Shares,Global Shares,Financials - 40,Toronto Stock Exchange,CAD,Canada,,Diversified Banks - 40101010,World Large Blend Equity,International Equities - Unhedged,IEQStock
0.01603690674474922,BANK OF NOVA SCOTIA,Growth,International Shares,Global Shares,Global Shares,Financials - 40,Toronto Stock Exchange,CAD,Canada,,Diversified Banks - 40101010,World Large Blend Equity,International Equities - Unhedged,IEQStock
0.014931307431137993,BROOKFIELD CORP CLASS A,Growth,International Shares,Global Shares,Global Shares,Financials - 40,Toronto Stock Exchange,CAD,Canada,,Asset Management & Custody Banks - 40203010,World Large Blend Equity,International Equities - Unhedged,IEQStock
0.009773512552375073,ALIMENTATION COUCHE TARD INC,Growth,International Shares,Global Shares,Global Shares,Consumer Staples - 30,Toronto Stock Exchange,CAD,Canada,,Food Retail - 30101030,World Large Blend Equity,International Equities - Unhedged,IEQStock
0.009550427625361594,CONSTELLATION SOFTWARE INC,Growth,International Shares,Global Shares,Global Shares,Information Technology - 45,Toronto Stock Exchange,CAD,Canada,,Application Software - 45103010,World Large Blend Equity,International Equities - Unhedged,IEQStock
0.010339820955496012,TC ENERGY CORP,Growth,International Shares,Global Shares,Global Shares,Energy - 10,Toronto Stock Exchange,CAD,Canada,,Oil & Gas Storage & Transportation - 10102040,World Large Blend Equity,International Equities - Unhedged,IEQStock
0.0005926466520660476,BCE INC,Growth,International Shares,Global Shares,Global Shares,Communication Services - 50,Toronto Stock Exchange,CAD,Canada,,Integrated Telecommunication Services - 50101020,World Large Blend Equity,International Equities - Unhedged,IEQStock
0.012572779221929361,CANADIAN IMPERIAL BANK OF COMMERCE,Growth,International Shares,Global Shares,Global Shares,Financials - 40,Toronto Stock Exchange,CAD,Canada,,Diversified Banks - 40101010,World Large Blend Equity,International Equities - Unhedged,IEQStock
0.010222009795821971,MANULIFE FINANCIAL CORP,Growth,International Shares,Global Shares,Global Shares,Financials - 40,Toronto Stock Exchange,CAD,Canada,,Life & Health Insurance - 40301020,World Large Blend Equity,International Equities - Unhedged,IEQStock
0.016170542596791626,BARRICK GOLD CORP,Growth,International Shares,Global Shares,Global Shares,Materials - 15,Toronto Stock Exchange,CAD,Canada,,Gold - 15104030,World Large Blend Equity,International Equities - Unhedged,IEQStock
0.006627974073443566,SUN LIFE FINANCIAL INC,Growth,International Shares,Global Shares,Global Shares,Financials - 40,Toronto Stock Exchange,CAD,Canada,,Life & Health Insurance - 40301020,World Large Blend Equity,International Equities - Unhedged,IEQStock
0.006989282523798125,NUTRIEN LTD,Growth,International Shares,Global Shares,Global Shares,Materials - 15,Toronto Stock Exchange,CAD,Canada,,Fertilizers & Agricultural Chemicals - 15101030,World Large Blend Equity,International Equities - Unhedged,IEQStock
0.006866621758644664,INTACT FINANCIAL CORP,Growth,International Shares,Global Shares,Global Shares,Financials - 40,Toronto Stock Exchange,CAD,Canada,,Property & Casualty Insurance - 40301040,World Large Blend Equity,International Equities - Unhedged,IEQStock
0.00593231514611899,CENOVUS ENERGY INC,Growth,International Shares,Global Shares,Global Shares,Energy - 10,Toronto Stock Exchange,CAD,Canada,,Integrated Oil & Gas - 10102010,World Large Blend Equity,International Equities - Unhedged,IEQStock
0.011871164010862316,AGNICO EAGLE MINES LTD,Growth,International Shares,Global Shares,Global Shares,Materials - 15,Toronto Stock Exchange,CAD,Canada,,Gold - 15104030,World Large Blend Equity,International Equities - Unhedged,IEQStock
0.00815890334689211,FRANCO NEVADA CORP,Growth,International Shares,Global Shares,Global Shares,Materials - 15,Toronto Stock Exchange,CAD,Canada,,Gold - 15104030,World Large Blend Equity,International Equities - Unhedged,IEQStock
0.007458569965460204,NATIONAL BANK OF CANADA,Growth,International Shares,Global Shares,Global Shares,Financials - 40,Toronto Stock Exchange,CAD,Canada,,Diversified Banks - 40101010,World Large Blend Equity,International Equities - Unhedged,IEQStock
0.00551902378183769,RESTAURANTS BRANDS INTERNATIONAL I,Growth,International Shares,Global Shares,Global Shares,Consumer Discretionary - 25,Toronto Stock Exchange,CAD,Canada,,Restaurants - 25301040,World Large Blend Equity,International Equities - Unhedged,IEQStock
0.004150731690672035,CGI INC,Growth,International Shares,Global Shares,Global Shares,Information Technology - 45,Toronto Stock Exchange,CAD,Canada,,IT Consulting & Other Services - 45102010,World Large Blend Equity,International Equities - Unhedged,IEQStock
0.006693281598002824,DOLLARAMA INC,Growth,International Shares,Global Shares,Global Shares,Consumer Discretionary - 25,Toronto Stock Exchange,CAD,Canada,,Broadline Retail - 25503030,World Large Blend Equity,International Equities - Unhedged,IEQStock
0.005418176774177372,FORTIS INC,Growth,International Shares,Global Shares,Global Shares,Utilities - 55,Toronto Stock Exchange,CAD,Canada,,Electric Utilities - 55101010,World Large Blend Equity,International Equities - Unhedged,IEQStock
0.009097502648573017,WHEATON PRECIOUS METALS CORP,Growth,International Shares,Global Shares,Global Shares,Materials - 15,Toronto Stock Exchange,CAD,Canada,,Gold - 15104030,World Large Blend Equity,International Equities - Unhedged,IEQStock
0.004378056078647413,THOMSON REUTERS CORP,Growth,International Shares,Global Shares,Global Shares,Industrials - 20,Toronto Stock Exchange,CAD,Canada,,Research & Consulting Services - 20202020,World Large Blend Equity,International Equities - Unhedged,IEQStock
0.007811173974132586,CAMECO CORP,Growth,International Shares,Global Shares,Global Shares,Energy - 10,Toronto Stock Exchange,CAD,Canada,,Coal & Consumable Fuels - 10102050,World Large Blend Equity,International Equities - Unhedged,IEQStock
0.00398890058443754,WSP GLOBAL INC,Growth,International Shares,Global Shares,Global Shares,Industrials - 20,Toronto Stock Exchange,CAD,Canada,,Construction & Engineering - 20103010,World Large Blend Equity,International Equities - Unhedged,IEQStock
0.0042497885475720355,TECK RESOURCES SUBORDINATE VOTING,Growth,International Shares,Global Shares,Global Shares,Materials - 15,Toronto Stock Exchange,CAD,Canada,,Gold - 15104030,World Large Blend Equity,International Equities - Unhedged,IEQStock
0.0030757685202536713,TOURMALINE OIL CORP,Growth,International Shares,Global Shares,Global Shares,Energy - 10,Toronto Stock Exchange,CAD,Canada,,Oil & Gas Exploration & Production - 10102020,World Large Blend Equity,International Equities - Unhedged,IEQStock
0.00467561915039362,ROGERS COMMUNICATIONS NON-VOTING I,Growth,International Shares,Global Shares,Global Shares,Communication Services - 50,Toronto Stock Exchange,CAD,Canada,,Wireless Telecommunication Services - 50102010,World Large Blend Equity,International Equities - Unhedged,IEQStock
0.004004310707556079,MAGNA INTERNATIONAL INC,Growth,International Shares,Global Shares,Global Shares,Consumer Discretionary - 25,Toronto Stock Exchange,CAD,Canada,,Automotive Parts & Equipment - 25101010,World Large Blend Equity,International Equities - Unhedged,IEQStock
0.005948813030629422,POWER CORPORATION OF CANADA,Growth,International Shares,Global Shares,Global Shares,Financials - 40,Toronto Stock Exchange,CAD,Canada,,Life & Health Insurance - 40301020,World Large Blend Equity,International Equities - Unhedged,IEQStock
0.003002033156303265,METRO INC,Growth,International Shares,Global Shares,Global Shares,Consumer Staples - 30,Toronto Stock Exchange,CAD,Canada,,Food Retail - 30101030,World Large Blend Equity,International Equities - Unhedged,IEQStock
0.003007463113031461,BROOKFIELD ASSET MANAGEMENT VOTING,Growth,International Shares,Global Shares,Global Shares,Financials - 40,Toronto Stock Exchange,CAD,Canada,,Asset Management & Custody Banks - 40203010,World Large Blend Equity,International Equities - Unhedged,IEQStock
0.00312787443199411,OPEN TEXT CORP,Growth,International Shares,Global Shares,Global Shares,Information Technology - 45,Toronto Stock Exchange,CAD,Canada,,Application Software - 45103010,World Large Blend Equity,International Equities - Unhedged,IEQStock
0.004088282282532519,IMPERIAL OIL LTD,Growth,International Shares,Global Shares,Global Shares,Energy - 10,Toronto Stock Exchange,CAD,Canada,,Integrated Oil & Gas - 10102010,World Large Blend Equity,International Equities - Unhedged,IEQStock
0.0027190027719167656,EMERA INC,Growth,International Shares,Global Shares,Global Shares,Utilities - 55,Toronto Stock Exchange,CAD,Canada,,Electric Utilities - 55101010,World Large Blend Equity,International Equities - Unhedged,IEQStock
0.0027138548237258414,HYDRO ONE LTD,Growth,International Shares,Global Shares,Global Shares,Utilities - 55,Toronto Stock Exchange,CAD,Canada,,Electric Utilities - 55101010,World Large Blend Equity,International Equities - Unhedged,IEQStock
0.002342847545329716,GEORGE WESTON LTD,Growth,International Shares,Global Shares,Global Shares,Consumer Staples - 30,Toronto Stock Exchange,CAD,Canada,,Food Retail - 30101030,World Large Blend Equity,International Equities - Unhedged,IEQStock
0.002098553426807196,FIRST QUANTUM MINERALS LTD,Growth,International Shares,Global Shares,Global Shares,Materials - 15,Toronto Stock Exchange,CAD,Canada,,Copper - 15104025,World Large Blend Equity,International Equities - Unhedged,IEQStock
0.0015041421447016987,CAE INC,Growth,International Shares,Global Shares,Global Shares,Industrials - 20,Toronto Stock Exchange,CAD,Canada,,Aerospace & Defense - 20101010,World Large Blend Equity,International Equities - Unhedged,IEQStock
0.00126014838770873,FIRSTSERVICE SUBORDINATE VOTING CO,Growth,International Shares,Global Shares,Global Shares,Real Estate - 60,Toronto Stock Exchange,CAD,Canada,,Real Estate Services - 60201040,World Large Blend Equity,International Equities - Unhedged,IEQStock
0.0015636831956334285,GILDAN ACTIVEWEAR INC,Growth,International Shares,Global Shares,Global Shares,Consumer Discretionary - 25,Toronto Stock Exchange,CAD,Canada,,"Apparel, Accessories & Luxury Goods - 25203010",World Large Blend Equity,International Equities - Unhedged,IEQStock
0.001641778995812284,CCL INDUSTRIES INC CLASS B,Growth,International Shares,Global Shares,Global Shares,Materials - 15,Toronto Stock Exchange,CAD,Canada,,"Metal, Glass & Plastic Containers - 15103010",World Large Blend Equity,International Equities - Unhedged,IEQStock
0.0014017119905826534,CANADIAN TIRE LTD CLASS A,Growth,International Shares,Global Shares,Global Shares,Consumer Discretionary - 25,Toronto Stock Exchange,CAD,Canada,,General Merchandise Stores - 25503020,World Large Blend Equity,International Equities - Unhedged,IEQStock
0.0006076797793711285,CANADIAN APARTMENT PROPERTIES REAL,Growth,International Shares,Global Shares,Global Shares,Financials - 40,Toronto Stock Exchange,CAD,Canada,,Real Estate Services - 60201040,World Large Blend Equity,International Equities - Unhedged,IEQStock
0.0011376820380265991,ALGONQUIN POWER UTILITIES CORP,Growth,International Shares,Global Shares,Global Shares,Utilities - 55,Toronto Stock Exchange,CAD,Canada,,Multi-Utilities - 55103010,World Large Blend Equity,International Equities - Unhedged,IEQStock
0.005242538898168656,ERSTE GROUP BANK AG,Growth,International Shares,Global Shares,Global Shares,Financials - 40,Vienna Stock Exchange,EUR,Austria,,Diversified Banks - 40101010,World Large Blend Equity,International Equities - Unhedged,IEQStock
0.0011655364069616148,VERBUND AG,Growth,International Shares,Global Shares,Global Shares,Utilities - 55,Vienna Stock Exchange,EUR,Austria,,Electric Utilities - 55101010,World Large Blend Equity,International Equities - Unhedged,IEQStock
0.0018386151989680441,OMV AG,Growth,International Shares,Global Shares,Global Shares,Energy - 10,Vienna Stock Exchange,EUR,Austria,,Integrated Oil & Gas - 10102010,World Large Blend Equity,International Equities - Unhedged,IEQStock
0.0016308572675513876,VOESTALPINE AG,Growth,International Shares,Global Shares,Global Shares,Materials - 15,Vienna Stock Exchange,EUR,Austria,,Steel - 15104050,World Large Blend Equity,International Equities - Unhedged,IEQStock
